1000000000.0,-4094.520962,3.897355515006626e-14
1000999999.9999999,-4090.061648,3.8972981544993515e-14
1002000000.0,-4085.610417,3.8972444389539886e-14
1002999999.9999999,-4081.167247,3.897194356964974e-14
1004000000.0,-4076.732112,3.897147900984444e-14
1004999999.9999999,-4072.304992,3.8971050606275146e-14
1006000000.0,-4067.88586,3.897065827457917e-14
1006999999.9999999,-4063.474695,3.8970301901926855e-14
1008000000.0,-4059.071474,3.896998141420777e-14
1008999999.9999999,-4054.676174,3.8969696708822366e-14
1010000000.0,-4050.28877,3.8969447683450826e-14
1010999999.9999999,-4045.909241,3.896923426499108e-14
1012000000.0,-4041.537565,3.8969056361418356e-14
1012999999.9999999,-4037.173718,3.8968913861689216e-14
1014000000.0,-4032.817677,3.896880668402002e-14
1014999999.9999999,-4028.46942,3.896873473728948e-14
1016000000.0,-4024.128926,3.896869793068356e-14
1016999999.9999999,-4019.796171,3.8968696173693885e-14
1018000000.0,-4015.471135,3.896872937611604e-14
1018999999.9999999,-4011.153792,3.896879744804804e-14
1020000000.0,-4006.844124,3.896890029988864e-14
1020999999.9999999,-4002.542108,3.896903784233579e-14
1022000000.0,-3998.24772,3.896920997663342e-14
1022999999.9999999,-3993.960941,3.896941662380534e-14
1024000000.0,-3989.681748,3.8969657695437417e-14
1024999999.9999999,-3985.41012,3.89699331034084e-14
1026000000.0,-3981.146035,3.897024275009811e-14
1026999999.9999999,-3976.889471,3.8970586557737173e-14
1028000000.0,-3972.640409,3.897096442926389e-14
1028999999.9999999,-3968.398825,3.8971376287503173e-14
1030000000.0,-3964.164701,3.897182203594561e-14
1030999999.9999999,-3959.938013,3.897230159800441e-14
1032000000.0,-3955.718741,3.8972814877716375e-14
1032999999.9999999,-3951.506866,3.8973361799077024e-14
1034000000.0,-3947.302364,3.897394225679493e-14
1034999999.9999999,-3943.105216,3.8974556185290834e-14
1036000000.0,-3938.915401,3.8975203499564123e-14
1036999999.9999999,-3934.7329,3.897588409509291e-14
1038000000.0,-3930.557691,3.897659790718128e-14
1038999999.9999999,-3926.389753,3.8977344831812886e-14
1040000000.0,-3922.229067,3.897812480487373e-14
1040999999.9999999,-3918.075613,3.897893773278494e-14
1042000000.0,-3913.92937,3.8979783522195415e-14
1042999999.9999999,-3909.790318,3.898066209989584e-14
1044000000.0,-3905.658437,3.8981573383013776e-14
1044999999.9999999,-3901.533708,3.898251728894023e-14
1046000000.0,-3897.41611,3.898349373532819e-14
1046999999.9999999,-3893.305624,3.8984502630093376e-14
1048000000.0,-3889.20223,3.8985543901386474e-14
1048999999.9999999,-3885.105909,3.898661745762019e-14
1050000000.0,-3881.01664,3.898772321745154e-14
1050999999.9999999,-3876.934406,3.89888611098311e-14
1052000000.0,-3872.859186,3.899003105395532e-14
1052999999.9999999,-3868.790961,3.899123294915585e-14
1054000000.0,-3864.729712,3.899246673520968e-14
1054999999.9999999,-3860.675419,3.8993732321987914e-14
1056000000.0,-3856.628064,3.8995029619569433e-14
1056999999.9999999,-3852.587628,3.8996358568538186e-14
1058000000.0,-3848.554091,3.899771907947652e-14
1059000000.0,-3844.527437,3.8999111063170606e-14
1060000000.0,-3840.507643,3.900053446100003e-14
1061000000.0,-3836.494694,3.900198917410614e-14
1062000000.0,-3832.488569,3.9003475124090765e-14
1063000000.0,-3828.489252,3.900499224295675e-14
1064000000.0,-3824.496722,3.900654045281499e-14
1065000000.0,-3820.510962,3.900811966583146e-14
1066000000.0,-3816.531953,3.90097298045591e-14
1067000000.0,-3812.559678,3.901137079178553e-14
1068000000.0000001,-3808.594117,3.901304256074525e-14
1069000000.0,-3804.635254,3.90147450142753e-14
1070000000.0000001,-3800.683068,3.9016478096297434e-14
1071000000.0,-3796.737545,3.901824172031269e-14
1072000000.0000001,-3792.798663,3.9020035800008817e-14
1073000000.0,-3788.866408,3.9021860269790834e-14
1074000000.0,-3784.940759,3.9023715043779294e-14
1075000000.0,-3781.0217,3.9025600067138685e-14
1076000000.0,-3777.109214,3.902751523385433e-14
1077000000.0,-3773.203282,3.902946048954816e-14
1078000000.0,-3769.303888,3.9031435749192276e-14
1079000000.0,-3765.411013,3.903344094859572e-14
1080000000.0,-3761.524641,3.9035475992809404e-14
1081000000.0,-3757.644753,3.903754082842016e-14
1082000000.0,-3753.771334,3.9039635360871754e-14
1083000000.0,-3749.904365,3.9041759537226976e-14
1084000000.0,-3746.043831,3.9043913263317945e-14
1085000000.0,-3742.189713,3.9046096465891965e-14
1086000000.0,-3738.341995,3.90483090823134e-14
1087000000.0,-3734.50066,3.9050551039786197e-14
1088000000.0,-3730.665691,3.9052822255299085e-14
1089000000.0,-3726.837071,3.905512265644382e-14
1090000000.0,-3723.014784,3.905745217102058e-14
1091000000.0,-3719.198813,3.905981072703692e-14
1092000000.0,-3715.389141,3.9062198252706695e-14
1093000000.0,-3711.585753,3.906461467644903e-14
1094000000.0,-3707.788631,3.9067059916396253e-14
1095000000.0,-3703.997759,3.906953391184414e-14
1096000000.0,-3700.213121,3.907203659182139e-14
1097000000.0,-3696.434702,3.907456787503403e-14
1098000000.0,-3692.662483,3.9077127690879164e-14
1099000000.0,-3688.89645,3.9079715968952943e-14
1100000000.0,-3685.136586,3.9082332639049567e-14
1101000000.0,-3681.382876,3.908497764172813e-14
1102000000.0,-3677.635303,3.908765088605127e-14
1103000000.0,-3673.893851,3.909035230236824e-14
1104000000.0,-3670.158505,3.909308184242438e-14
1105000000.0,-3666.42925,3.909583940518612e-14
1106000000.0,-3662.706068,3.9098624942795095e-14
1107000000.0,-3658.988945,3.9101438386404195e-14
1108000000.0,-3655.277865,3.910427964606549e-14
1109000000.0,-3651.572813,3.910714866390114e-14
1110000000.0,-3647.873772,3.9110045371598327e-14
1111000000.0,-3644.180729,3.911296970103153e-14
1112000000.0,-3640.493667,3.911592157357131e-14
1113000000.0,-3636.812571,3.911890093213189e-14
1114000000.0,-3633.137425,3.912190769843127e-14
1115000000.0,-3629.468215,3.912494181577426e-14
1116000000.0,-3625.804926,3.9128003195487166e-14
1117000000.0,-3622.147541,3.9131091781227854e-14
1118000000.0,-3618.496048,3.913420751688021e-14
1119000000.0,-3614.85043,3.913735030347577e-14
1120000000.0,-3611.210673,3.914052010677355e-14
1121000000.0,-3607.576761,3.914371683888624e-14
1122000000.0,-3603.94868,3.914694043361986e-14
1123000000.0,-3600.326416,3.915019082495674e-14
1124000000.0,-3596.709953,3.915346794705462e-14
1125000000.0,-3593.099277,3.915677173424585e-14
1126000000.0,-3589.494373,3.91601021210365e-14
1127000000.0,-3585.895228,3.916345904210548e-14
1128000000.0,-3582.301826,3.916684241055894e-14
1129000000.0,-3578.714153,3.9170252194001644e-14
1130000000.0,-3575.132194,3.9173688294974136e-14
1131000000.0,-3571.555936,3.9177150659676026e-14
1132000000.0,-3567.985364,3.918063922360309e-14
1133000000.0,-3564.420464,3.918415392241889e-14
1134000000.0,-3560.861222,3.918769469195389e-14
1135000000.0,-3557.307624,3.9191261446297674e-14
1136000000.0,-3553.759655,3.9194854154437816e-14
1137000000.0,-3550.217302,3.9198472719805136e-14
1138000000.0,-3546.68055,3.920211708980819e-14
1139000000.0,-3543.149387,3.920578720106486e-14
1140000000.0,-3539.623798,3.9209482990355055e-14
1141000000.0,-3536.103769,3.921320438359621e-14
1142000000.0,-3532.589286,3.921695132889022e-14
1143000000.0,-3529.080336,3.9220723741403776e-14
1144000000.0,-3525.576906,3.9224521580604614e-14
1145000000.0,-3522.078981,3.9228344773000146e-14
1146000000.0,-3518.586549,3.9232193245207836e-14
1147000000.0,-3515.099594,3.923606694614363e-14
1148000000.0,-3511.618106,3.923996580271358e-14
1149000000.0,-3508.142069,3.9243889764168106e-14
1150000000.0,-3504.67147,3.924783874656847e-14
1151000000.0,-3501.206297,3.9251812710603195e-14
1152000000.0,-3497.746536,3.925581157259212e-14
1153000000.0,-3494.292173,3.9259835282410064e-14
1154000000.0,-3490.843197,3.926388376777465e-14
1155000000.0,-3487.399592,3.926795697888645e-14
1156000000.0,-3483.961347,3.9272054832537176e-14
1157000000.0,-3480.528449,3.927617727921424e-14
1158000000.0,-3477.100884,3.928032426960153e-14
1159000000.0,-3473.67864,3.928449570962521e-14
1160000000.0,-3470.261704,3.928869156146594e-14
1161000000.0,-3466.850063,3.929291175375946e-14
1162000000.0,-3463.443703,3.929715623778807e-14
1163000000.0,-3460.042613,3.930142493116671e-14
1164000000.0,-3456.64678,3.930571777415532e-14
1165000000.0,-3453.256191,3.931003472977981e-14
1166000000.0,-3449.870834,3.931437570468883e-14
1167000000.0,-3446.490696,3.931874066220522e-14
1168000000.0,-3443.115764,3.932312952049904e-14
1169000000.0,-3439.746027,3.9327542243224026e-14
1170000000.0,-3436.381471,3.933197873740939e-14
1171000000.0,-3433.022084,3.933643897838523e-14
1172000000.0,-3429.667854,3.9340922873385014e-14
1173000000.0,-3426.31877,3.934543038667983e-14
1174000000.0,-3422.974817,3.934996143708941e-14
1175000000.0,-3419.635985,3.9354515977773975e-14
1176000000.0,-3416.302261,3.935909393918602e-14
1177000000.0,-3412.973633,3.936369527478189e-14
1178000000.0,-3409.650089,3.936831991525944e-14
1179000000.0,-3406.331617,3.937296779140091e-14
1180000000.0,-3403.018204,3.9377638857064873e-14
1181000000.0,-3399.70984,3.938233305478377e-14
1182000000.0,-3396.406512,3.93870503157009e-14
1183000000.0,-3393.108209,3.939179058257502e-14
1184000000.0,-3389.814918,3.939655379829582e-14
1185000000.0,-3386.526628,3.940133989432431e-14
1186000000.0,-3383.243327,3.940614883691572e-14
1187000000.0,-3379.965002,3.9410980534634215e-14
1188000000.0,-3376.691644,3.94158349424084e-14
1189000000.0,-3373.42324,3.9420712015345215e-14
1190000000.0,-3370.159779,3.9425611673863316e-14
1191000000.0,-3366.901248,3.94305338616763e-14
1192000000.0,-3363.647637,3.943547853427128e-14
1193000000.0,-3360.398934,3.944044561233125e-14
1194000000.0,-3357.155128,3.9445435063253934e-14
1195000000.0,-3353.916207,3.945044680792081e-14
1196000000.0,-3350.68216,3.9455480802330304e-14
1197000000.0,-3347.452976,3.9460536979232834e-14
1198000000.0,-3344.228644,3.9465615271450315e-14
1199000000.0,-3341.009151,3.947071564708581e-14
1200000000.0,-3337.794488,3.9475838027468e-14
1201000000.0,-3334.584643,3.94809823574688e-14
1202000000.0,-3331.379605,3.94861485938558e-14
1203000000.0,-3328.179363,3.949133666999148e-14
1204000000.0,-3324.983905,3.949654651930612e-14
1205000000.0,-3321.793221,3.950177808711108e-14
1206000000.0,-3318.607301,3.950703133066292e-14
1207000000.0,-3315.426133,3.951230618370768e-14
1208000000.0,-3312.249705,3.9517602591909664e-14
1209000000.0,-3309.078008,3.9522920489183776e-14
1210000000.0,-3305.911031,3.952825983326695e-14
1211000000.0,-3302.748763,3.9533620558279666e-14
1212000000.0,-3299.591193,3.953900261031035e-14
1213000000.0,-3296.43831,3.9544405923643745e-14
1214000000.0,-3293.290104,3.954983045648877e-14
1215000000.0,-3290.146564,3.955527614333135e-14
1216000000.0,-3287.00768,3.956074293067549e-14
1217000000.0,-3283.873442,3.956623076513756e-14
1218000000.0,-3280.743838,3.957173958146207e-14
1219000000.0,-3277.618858,3.95772693384463e-14
1220000000.0,-3274.498492,3.9582819959020466e-14
1221000000.0,-3271.382729,3.958839141421347e-14
1222000000.0,-3268.27156,3.959398362712307e-14
1223000000.0,-3265.164973,3.959959654495048e-14
1224000000.0,-3262.062959,3.9605230127069155e-14
1225000000.0,-3258.965506,3.96108842967844e-14
1226000000.0,-3255.872607,3.961655901367285e-14
1227000000.0,-3252.784248,3.96222542132654e-14
1228000000.0,-3249.700422,3.9627969855379875e-14
1229000000.0,-3246.621117,3.9633705863604144e-14
1230000000.0,-3243.546323,3.963946219795532e-14
1231000000.0,-3240.476032,3.9645238794296125e-14
1232000000.0,-3237.410232,3.965103561288128e-14
1233000000.0,-3234.348913,3.965685257757289e-14
1234000000.0,-3231.292066,3.9662689648821175e-14
1235000000.0,-3228.23968,3.9668546762812756e-14
1236000000.0,-3225.191747,3.9674423880231946e-14
1237000000.0,-3222.148255,3.968032092520696e-14
1238000000.0,-3219.109196,3.9686237858613976e-14
1239000000.0,-3216.074559,3.969217462922054e-14
1240000000.0,-3213.044335,3.9698131161339075e-14
1241000000.0,-3210.018514,3.9704107428442395e-14
1242000000.0,-3206.997086,3.9710103354990426e-14
1243000000.0,-3203.980042,3.9716118890072906e-14
1244000000.0,-3200.967371,3.972215399521232e-14
1245000000.0,-3197.959066,3.9728208595045467e-14
1246000000.0,-3194.955115,3.9734282651279604e-14
1247000000.0,-3191.95551,3.974037610102732e-14
1248000000.0,-3188.960241,3.9746488893832274e-14
1249000000.0,-3185.969298,3.9752620979335854e-14
1250000000.0,-3182.982672,3.975877230727682e-14
1251000000.0,-3180.000354,3.976494281506186e-14
1252000000.0,-3177.022335,3.977113244013903e-14
1253000000.0,-3174.048605,3.977734115736726e-14
1254000000.0,-3171.079154,3.978356889192978e-14
1255000000.0,-3168.113974,3.978981559396315e-14
1256000000.0,-3165.153055,3.979608121369887e-14
1257000000.0,-3162.196389,3.98023656889508e-14
1258000000.0,-3159.243965,3.9808668982623486e-14
1259000000.0,-3156.295774,3.981499103269088e-14
1260000000.0,-3153.351809,3.982133178971859e-14
1261000000.0,-3150.412059,3.9827691191797246e-14
1262000000.0,-3147.476516,3.98340692022181e-14
1263000000.0,-3144.54517,3.9840465746632716e-14
1264000000.0,-3141.618013,3.984688078850242e-14
1265000000.0,-3138.695035,3.98533142788121e-14
1266000000.0,-3135.776229,3.9859766155999665e-14
1267000000.0,-3132.861583,3.9866236358537553e-14
1268000000.0,-3129.951091,3.987272485026482e-14
1269000000.0,-3127.044743,3.987923158248653e-14
1270000000.0,-3124.142529,3.988575648120833e-14
1271000000.0,-3121.244443,3.989229951053822e-14
1272000000.0,-3118.350474,3.9898860609283974e-14
1273000000.0,-3115.460614,3.9905439741759495e-14
1274000000.0,-3112.574854,3.99120368341697e-14
1275000000.0,-3109.693186,3.9918651850990503e-14
1276000000.0,-3106.8156,3.9925284731282576e-14
1277000000.0,-3103.942089,3.993193542693098e-14
1278000000.0,-3101.072644,3.9938603889907636e-14
1279000000.0,-3098.207256,3.9945290059448317e-14
1280000000.0,-3095.345917,3.995199388765485e-14
1281000000.0,-3092.488617,3.995871532671492e-14
1282000000.0,-3089.63535,3.9965454316036e-14
1283000000.0,-3086.786105,3.9972210820813696e-14
1284000000.0,-3083.940876,3.9978984767702283e-14
1285000000.0,-3081.099653,3.9985776122052476e-14
1286000000.0,-3078.262428,3.9992584823509983e-14
1287000000.0,-3075.429192,3.999941082468463e-14
1288000000.0,-3072.599938,4.0006254078269886e-14
1289000000.0,-3069.774657,4.001311452407566e-14
1290000000.0,-3066.953341,4.001999211491828e-14
1291000000.0,-3064.135982,4.00268868036968e-14
1292000000.0,-3061.322571,4.003379853038213e-14
1293000000.0,-3058.5131,4.0040727261019294e-14
1294000000.0,-3055.707562,4.0047672922674295e-14
1295000000.0,-3052.905947,4.0054635481540875e-14
1296000000.0,-3050.108248,4.006161487781449e-14
1297000000.0,-3047.314457,4.0068611051713e-14
1298000000.0,-3044.524566,4.0075623982771086e-14
1299000000.0,-3041.738566,4.008265358515625e-14
1300000000.0,-3038.95645,4.008969982545056e-14
1301000000.0,-3036.17821,4.00967626703746e-14
1302000000.0,-3033.403837,4.0103842034158753e-14
1303000000.0,-3030.633325,4.011093788362339e-14
1304000000.0,-3027.866664,4.011805017254006e-14
1305000000.0,-3025.103848,4.012517884155748e-14
1306000000.0,-3022.344868,4.0132323844559856e-14
1307000000.0,-3019.589716,4.013948513550947e-14
1308000000.0,-3016.838385,4.014666265520043e-14
1309000000.0,-3014.090866,4.015385635770585e-14
1310000000.0,-3011.347153,4.0161066197176174e-14
1311000000.0,-3008.607237,4.016829212783887e-14
1312000000.0,-3005.871112,4.017553407738688e-14
1313000000.0,-3003.138767,4.0182792013432037e-14
1314000000.0,-3000.410198,4.019006587705104e-14
1315000000.0,-2997.685395,4.0197355636037834e-14
1316000000.0,-2994.964351,4.020466121822536e-14
1317000000.0,-2992.247059,4.021198257816321e-14
1318000000.0,-2989.53351,4.021931968387188e-14
1319000000.0,-2986.823699,4.022667246327488e-14
1320000000.0,-2984.117616,4.023404087110158e-14
1321000000.0,-2981.415254,4.024142487559678e-14
1322000000.0,-2978.716607,4.024882440477186e-14
1323000000.0,-2976.021666,4.0256239427004834e-14
1324000000.0,-2973.330425,4.026366987034908e-14
1325000000.0,-2970.642875,4.027111570331481e-14
1326000000.0,-2967.95901,4.027857688102956e-14
1327000000.0,-2965.278821,4.028605333163014e-14
1328000000.0,-2962.602303,4.029354503739322e-14
1329000000.0,-2959.929447,4.030105191297791e-14
1330000000.0,-2957.260246,4.03085739272435e-14
1331000000.0,-2954.594693,4.0316111035589566e-14
1332000000.0,-2951.932781,4.03236631934877e-14
1333000000.0,-2949.274502,4.0331230329234106e-14
1334000000.0,-2946.61985,4.0338812398351856e-14
1335000000.0,-2943.968816,4.0346409370089666e-14
1336000000.0,-2941.321395,4.035402118648944e-14
1337000000.0,-2938.677578,4.036164778960252e-14
1338000000.0,-2936.03736,4.0369289135189925e-14
1339000000.0,-2933.400732,4.0376945179083146e-14
1340000000.0,-2930.767687,4.0384615863452604e-14
1341000000.0,-2928.13822,4.039230114422388e-14
1342000000.0,-2925.512322,4.04000009773925e-14
1343000000.0,-2922.889986,4.0407715319023746e-14
1344000000.0,-2920.271206,4.04154440976655e-14
1345000000.0,-2917.655975,4.0423187283237826e-14
1346000000.0,-2915.044286,4.043094481814291e-14
1347000000.0,-2912.436131,4.043871665862981e-14
1348000000.0,-2909.831505,4.044650276101637e-14
1349000000.0,-2907.2304,4.045430305394622e-14
1350000000.0,-2904.632809,4.04621175215546e-14
1351000000.0,-2902.038725,4.046994609255924e-14
1352000000.0,-2899.448142,4.0477788723457504e-14
1353000000.0,-2896.861053,4.048564535688044e-14
1354000000.0,-2894.277451,4.0493515963363656e-14
1355000000.0,-2891.69733,4.0501400485642013e-14
1356000000.0,-2889.120682,4.05092988664548e-14
1357000000.0,-2886.547502,4.0517211062542556e-14
1358000000.0,-2883.977781,4.052513703071278e-14
1359000000.0,-2881.411514,4.053307672783989e-14
1360000000.0,-2878.848695,4.0541030096820383e-14
1361000000.0,-2876.289316,4.0548997080554063e-14
1362000000.0,-2873.73337,4.0556977650096146e-14
1363000000.0,-2871.180852,4.0564971734355086e-14
1364000000.0,-2868.631754,4.057297930450246e-14
1365000000.0,-2866.086071,4.058100030359136e-14
1366000000.0,-2863.543796,4.0589034688816875e-14
1367000000.0,-2861.004921,4.05970824032838e-14
1368000000.0,-2858.469441,4.060514340427038e-14
1369000000.0,-2855.93735,4.0613217649120145e-14
1370000000.0,-2853.40864,4.062130508103791e-14
1371000000.0,-2850.883306,4.062940565744934e-14
1372000000.0,-2848.36134,4.0637519321608995e-14
1373000000.0,-2845.842737,4.064564603102396e-14
1374000000.0,-2843.327491,4.0653785743265934e-14
1375000000.0,-2840.815594,4.066193840168674e-14
1376000000.0,-2838.307041,4.067010396393855e-14
1377000000.0,-2835.801825,4.067828237342109e-14
1378000000.0,-2833.29994,4.0686473602199034e-14
1379000000.0,-2830.80138,4.0694677579418895e-14
1380000000.0,-2828.306138,4.070289426289175e-14
1381000000.0,-2825.814209,4.07111236104923e-14
1382000000.0,-2823.325585,4.0719365580158794e-14
1383000000.0,-2820.840262,4.0727620115479076e-14
1384000000.0,-2818.358232,4.073588716003929e-14
1385000000.0,-2815.87949,4.074416668631642e-14
1386000000.0,-2813.404029,4.0752458623527564e-14
1387000000.0,-2810.931843,4.076076294425936e-14
1388000000.0,-2808.462927,4.076907959223584e-14
1389000000.0,-2805.997273,4.077740851117833e-14
1390000000.0,-2803.534877,4.0785749673861625e-14
1391000000.0,-2801.075732,4.0794103024099444e-14
1392000000.0,-2798.619831,4.080246850570227e-14
1393000000.0,-2796.16717,4.081084607705469e-14
1394000000.0,-2793.717741,4.0819235682009464e-14
1395000000.0,-2791.27154,4.0827637293636436e-14
1396000000.0,-2788.828559,4.0836050841252614e-14
1397000000.0,-2786.388794,4.0844476298035223e-14
1398000000.0,-2783.952238,4.08529136079694e-14
1399000000.0,-2781.518885,4.086136271503588e-14
1400000000.0,-2779.088729,4.086982357790387e-14
1401000000.0,-2776.661765,4.087829615530402e-14
1402000000.0,-2774.237987,4.088678039130221e-14
1403000000.0,-2771.817388,4.089527624470206e-14
1404000000.0,-2769.399964,4.090378365960891e-14
1405000000.0,-2766.985707,4.091230259489893e-14
1406000000.0,-2764.574613,4.09208330095093e-14
1407000000.0,-2762.166676,4.092937484762867e-14
1408000000.0,-2759.76189,4.0937928068266124e-14
1409000000.0,-2757.360249,4.094649261564856e-14
1410000000.0,-2754.961747,4.0955068433996643e-14
1411000000.0,-2752.566379,4.096365551215454e-14
1412000000.0,-2750.174139,4.097225376469424e-14
1413000000.0,-2747.785021,4.0980863150777416e-14
1414000000.0,-2745.399021,4.0989483644553244e-14
1415000000.0,-2743.016131,4.0998115175466906e-14
1416000000.0,-2740.636347,4.100675771777152e-14
1417000000.0,-2738.259663,4.101541120091495e-14
1418000000.0,-2735.886073,4.102407559925388e-14
1419000000.0,-2733.515572,4.103275085724983e-14
1420000000.0,-2731.148154,4.104143691935674e-14
1421000000.0,-2728.783813,4.1050133745066195e-14
1422000000.0,-2726.422545,4.1058841293929735e-14
1423000000.0,-2724.064344,4.106755951047953e-14
1424000000.0,-2721.709203,4.1076288354335966e-14
1425000000.0,-2719.357118,4.108502777006591e-14
1426000000.0,-2717.008084,4.109377771735834e-14
1427000000.0,-2714.662094,4.1102538140814386e-14
1428000000.0,-2712.319144,4.1111309000191225e-14
1429000000.0,-2709.979227,4.112009024012391e-14
1430000000.0,-2707.642339,4.11288818356363e-14
1431000000.0,-2705.308475,4.1137683716232466e-14
1432000000.0,-2702.977628,4.11464958570382e-14
1433000000.0,-2700.649793,4.1155318187556586e-14
1434000000.0,-2698.324966,4.116415066774763e-14
1435000000.0,-2696.00314,4.117299325763074e-14
1436000000.0,-2693.684311,4.118184590198272e-14
1437000000.0,-2691.368473,4.119070857620918e-14
1438000000.0,-2689.055621,4.119958119449825e-14
1439000000.0,-2686.74575,4.120846374765874e-14
1440000000.0,-2684.438854,4.1217356165212897e-14
1441000000.0,-2682.134928,4.1226258407380415e-14
1442000000.0,-2679.833968,4.123517043444018e-14
1443000000.0,-2677.535967,4.1244092175884205e-14
1444000000.0,-2675.240921,4.125302362288634e-14
1445000000.0,-2672.948824,4.126196468952962e-14
1446000000.0,-2670.659671,4.1270915367123474e-14
1447000000.0,-2668.373458,4.1279875569712593e-14
1448000000.0,-2666.090178,4.128884527323186e-14
1449000000.0,-2663.809828,4.129782443821739e-14
1450000000.0,-2661.532401,4.13068129941744e-14
1451000000.0,-2659.257893,4.131581091721478e-14
1452000000.0,-2656.986299,4.132481815241938e-14
1453000000.0,-2654.717613,4.133383464485804e-14
1454000000.0,-2652.451831,4.134286035520453e-14
1455000000.0,-2650.188947,4.135189522855891e-14
1456000000.0,-2647.928957,4.136093924131052e-14
1457000000.0,-2645.671855,4.136999232297439e-14
1458000000.0,-2643.417637,4.1379054434354743e-14
1459000000.0,-2641.166298,4.138812553631474e-14
1460000000.0,-2638.917832,4.1397205558334964e-14
1461000000.0,-2636.672235,4.140629449276761e-14
1462000000.0,-2634.429501,4.141539225338441e-14
1463000000.0,-2632.189627,4.142449881689934e-14
1464000000.0,-2629.952606,4.143361412857296e-14
1465000000.0,-2627.718434,4.1442738149463315e-14
1466000000.0,-2625.487107,4.145187082486037e-14
1467000000.0,-2623.258618,4.1461012115886975e-14
1468000000.0,-2621.032965,4.147016196786236e-14
1469000000.0,-2618.810141,4.147932034197412e-14
1470000000.0,-2616.590141,4.148848716767227e-14
1471000000.0,-2614.372962,4.149766243798799e-14
1472000000.0,-2612.158598,4.150684608241818e-14
1473000000.0,-2609.947045,4.1516038062279827e-14
1474000000.0,-2607.738297,4.1525238307009385e-14
1475000000.0,-2605.53235,4.153444680991037e-14
1476000000.0,-2603.329199,4.154366350046598e-14
1477000000.0,-2601.128839,4.155288832409889e-14
1478000000.0,-2598.931266,4.156212125830244e-14
1479000000.0,-2596.736476,4.157136224858194e-14
1480000000.0,-2594.544462,4.1580611240430044e-14
1481000000.0,-2592.355222,4.158986819542247e-14
1482000000.0,-2590.168749,4.159913305908058e-14
1483000000.0,-2587.98504,4.160840577691298e-14
1484000000.0,-2585.804089,4.1617686326715236e-14
1485000000.0,-2583.625893,4.162697465407876e-14
1486000000.0,-2581.450445,4.163627070458223e-14
1487000000.0,-2579.277743,4.164557443999562e-14
1488000000.0,-2577.107781,4.16548858059262e-14
1489000000.0,-2574.940555,4.1664204747968334e-14
1490000000.0,-2572.77606,4.16735312442208e-14
1491000000.0,-2570.614292,4.16828652403611e-14
1492000000.0,-2568.455245,4.1692206682053756e-14
1493000000.0,-2566.298916,4.170155551495032e-14
1494000000.0,-2564.145301,4.17109117173525e-14
1495000000.0,-2561.994393,4.172027521864536e-14
1496000000.0,-2559.84619,4.172964598086415e-14
1497000000.0,-2557.700686,4.173902396610418e-14
1498000000.0,-2555.557878,4.174840912011614e-14
1499000000.0,-2553.41776,4.1757801405060734e-14
1500000000.0,-2551.279934,4.1767200750275965e-14
1501000000.0,-2549.145111,4.177660715085275e-14
1502000000.0,-2547.012965,4.1786020519698095e-14
1503000000.0,-2544.883493,4.179544083554546e-14
1504000000.0,-2542.756689,4.18048680277171e-14
1505000000.0,-2540.632551,4.1814302075049073e-14
1506000000.0,-2538.511072,4.1823742923407804e-14
1507000000.0,-2536.39225,4.1833190518646646e-14
1508000000.0,-2534.276079,4.184264483978371e-14
1509000000.0,-2532.162555,4.1852105799542125e-14
1510000000.0,-2530.051674,4.1861573376987733e-14
1511000000.0,-2527.943432,4.187104753467696e-14
1512000000.0,-2525.837824,4.188052820190111e-14
1513000000.0,-2523.734846,4.1890015341227505e-14
1514000000.0,-2521.634494,4.189950891528465e-14
1515000000.0,-2519.536763,4.190900888676236e-14
1516000000.0,-2517.441649,4.1918515168199403e-14
1517000000.0,-2515.349149,4.192802775575316e-14
1518000000.0,-2513.259257,4.1937546578692465e-14
1519000000.0,-2511.171969,4.1947071616578995e-14
1520000000.0,-2509.087282,4.1956602781862123e-14
1521000000.0,-2507.005191,4.196614007098319e-14
1522000000.0,-2504.925692,4.197568341319658e-14
1523000000.0,-2502.84878,4.198523275453727e-14
1524000000.0,-2500.774452,4.1994788074801516e-14
1525000000.0,-2498.702703,4.2004349320111e-14
1526000000.0,-2496.63353,4.201391643657462e-14
1527000000.0,-2494.566928,4.202348937028843e-14
1528000000.0,-2492.502892,4.203306810126033e-14
1529000000.0,-2490.44142,4.204265254171143e-14
1530000000.0,-2488.382506,4.205224268869948e-14
1531000000.0,-2486.326147,4.206183848843911e-14
1532000000.0,-2484.272338,4.207143987009461e-14
1533000000.0,-2482.221076,4.2081046796855484e-14
1534000000.0,-2480.172356,4.209065923197419e-14
1535000000.0,-2478.126175,4.210027713876641e-14
1536000000.0,-2476.082528,4.2109900429270535e-14
1537000000.0,-2474.041412,4.211952910102332e-14
1538000000.0,-2472.002821,4.2129163100322274e-14
1539000000.0,-2469.966753,4.213880235628218e-14
1540000000.0,-2467.933204,4.2148446849497946e-14
1541000000.0,-2465.902168,4.215809652628727e-14
1542000000.0,-2463.873643,4.2167751332955734e-14
1543000000.0,-2461.847624,4.2177411215796677e-14
1544000000.0,-2459.824108,4.218707615562285e-14
1545000000.0,-2457.80309,4.219674608153304e-14
1546000000.0,-2455.784567,4.220642097444958e-14
1547000000.0,-2453.768534,4.221610074614337e-14
1548000000.0,-2451.754988,4.2225785394931634e-14
1549000000.0,-2449.743924,4.223547484990387e-14
1550000000.0,-2447.73534,4.224516905744172e-14
1551000000.0,-2445.72923,4.22548679987148e-14
1552000000.0,-2443.725592,4.226457160277749e-14
1553000000.0,-2441.724421,4.22742798509106e-14
1554000000.0,-2439.725713,4.228399265470721e-14
1555000000.0,-2437.729464,4.2293710012978835e-14
1556000000.0,-2435.735672,4.2303431854772564e-14
1557000000.0,-2433.744331,4.231315812656238e-14
1558000000.0,-2431.755438,4.2322888809880395e-14
1559000000.0,-2429.768989,4.233262383374e-14
1560000000.0,-2427.784981,4.234236316221291e-14
1561000000.0,-2425.80341,4.2352106741844464e-14
1562000000.0,-2423.824271,4.2361854536781094e-14
1563000000.0,-2421.847562,4.237160649360443e-14
1564000000.0,-2419.873277,4.238136257653615e-14
1565000000.0,-2417.901415,4.2391122732194593e-14
1566000000.0,-2415.931969,4.24008869248772e-14
1567000000.0,-2413.964939,4.241065508353027e-14
1568000000.0,-2412.000318,4.242042717246912e-14
1569000000.0,-2410.038104,4.243020317382469e-14
1570000000.0,-2408.078293,4.2439982998802954e-14
1571000000.0,-2406.120882,4.244976661180517e-14
1572000000.0,-2404.165866,4.245955399510717e-14
1573000000.0,-2402.213241,4.246934507765235e-14
1574000000.0,-2400.263005,4.247913980614182e-14
1575000000.0,-2398.315154,4.248893816299755e-14
1576000000.0,-2396.369683,4.249874007713349e-14
1577000000.0,-2394.42659,4.2508545513184744e-14
1578000000.0,-2392.48587,4.2518354417931084e-14
1579000000.0,-2390.54752,4.2528166756086674e-14
1580000000.0,-2388.611536,4.2537982474471345e-14
1581000000.0,-2386.677916,4.2547801537878905e-14
1582000000.0,-2384.746654,4.2557623875166986e-14
1583000000.0,-2382.817748,4.256744946917304e-14
1584000000.0,-2380.891194,4.257727824875643e-14
1585000000.0,-2378.966988,4.2587110178812756e-14
1586000000.0,-2377.045127,4.2596945224307806e-14
1587000000.0,-2375.125608,4.260678333217626e-14
1588000000.0,-2373.208426,4.26166244493443e-14
1589000000.0,-2371.293578,4.262646854087079e-14
1590000000.0,-2369.381061,4.263631553556372e-14
1591000000.0,-2367.470871,4.2646165416685704e-14
1592000000.0,-2365.563005,4.2656018131248824e-14
1593000000.0,-2363.657459,4.2665873626257274e-14
1594000000.0,-2361.754229,4.267573184870737e-14
1595000000.0,-2359.853313,4.2685592782107925e-14
1596000000.0,-2357.954706,4.269545633699927e-14
1597000000.0,-2356.058406,4.270532251525455e-14
1598000000.0,-2354.164408,4.271519122737944e-14
1599000000.0,-2352.272709,4.272506245707198e-14
1600000000.0,-2350.383306,4.273493615146321e-14
1601000000.0,-2348.496196,4.274481225767723e-14
1602000000.0,-2346.611375,4.2754690741230944e-14
1603000000.0,-2344.728839,4.27645715308752e-14
1604000000.0,-2342.848585,4.2774454610593193e-14
1605000000.0,-2340.97061,4.278433990914273e-14
1606000000.0,-2339.09491,4.279422741063433e-14
1607000000.0,-2337.221482,4.280411704383337e-14
1608000000.0,-2335.350322,4.2814008774458596e-14
1609000000.0,-2333.481428,4.282390254976325e-14
1610000000.0,-2331.614795,4.2833798335554775e-14
1611000000.0,-2329.750421,4.284369606055509e-14
1612000000.0,-2327.888302,4.2853595709200984e-14
1613000000.0,-2326.028434,4.2863497210223626e-14
1614000000.0,-2324.170815,4.2873400548190107e-14
1615000000.0,-2322.315441,4.2883305651841503e-14
1616000000.0,-2320.462309,4.2893212468514226e-14
1617000000.0,-2318.611415,4.290312098294206e-14
1618000000.0,-2316.762756,4.291303112385179e-14
1619000000.0,-2314.916329,4.2922942857367955e-14
1620000000.0,-2313.07213,4.293285613092987e-14
1621000000.0,-2311.230157,4.2942770891972653e-14
1622000000.0,-2309.390405,4.295268712553197e-14
1623000000.0,-2307.552872,4.2962604760333996e-14
1624000000.0,-2305.717555,4.297252374386296e-14
1625000000.0,-2303.88445,4.2982444042462665e-14
1626000000.0,-2302.053553,4.299236562255474e-14
1627000000.0,-2300.224863,4.300228841283112e-14
1628000000.0,-2298.398374,4.3012212379747716e-14
1629000000.0,-2296.574085,4.302213747089429e-14
1630000000.0,-2294.751992,4.3032063652822765e-14
1631000000.0,-2292.932092,4.3041990873178606e-14
1632000000.0,-2291.114381,4.305191909861057e-14
1633000000.0,-2289.298856,4.3061848257794446e-14
1634000000.0,-2287.485515,4.307177831741538e-14
1635000000.0,-2285.674354,4.308170924423825e-14
1636000000.0,-2283.865369,4.3091640966932974e-14
1637000000.0,-2282.058558,4.3101573471409874e-14
1638000000.0,-2280.253917,4.311150668635628e-14
1639000000.0,-2278.451444,4.3121440559525197e-14
1640000000.0,-2276.651135,4.313137507700747e-14
1641000000.0,-2274.852987,4.31413101674871e-14
1642000000.0,-2273.056997,4.3151245797986317e-14
1643000000.0,-2271.263161,4.316118191637779e-14
1644000000.0,-2269.471477,4.317111848978546e-14
1645000000.0,-2267.681942,4.318105544687086e-14
1646000000.0,-2265.894552,4.3190992754798764e-14
1647000000.0,-2264.109304,4.320093038081643e-14
1648000000.0,-2262.326196,4.3210868253585726e-14
1649000000.0,-2260.545224,4.3220806359750636e-14
1650000000.0,-2258.766384,4.323074462799481e-14
1651000000.0,-2256.989675,4.324068302571226e-14
1652000000.0,-2255.215092,4.325062148154728e-14
1653000000.0,-2253.442633,4.3260559982374705e-14
1654000000.0,-2251.672295,4.3270498476320235e-14
1655000000.0,-2249.904075,4.328043691151113e-14
1656000000.0,-2248.137969,4.3290375236076496e-14
1657000000.0,-2246.373975,4.3300313417667615e-14
1658000000.0,-2244.612089,4.3310251404479934e-14
1659000000.0,-2242.852309,4.3320189144711285e-14
1660000000.0,-2241.094631,4.333012658656207e-14
1661000000.0,-2239.339053,4.334006371744195e-14
1662000000.0,-2237.585572,4.335000046605764e-14
1663000000.0,-2235.834184,4.335993678068076e-14
1664000000.0,-2234.084886,4.336987262925193e-14
1665000000.0,-2232.337676,4.337980797979862e-14
1666000000.0,-2230.592551,4.338974276102068e-14
1667000000.0,-2228.849506,4.339967692126677e-14
1668000000.0,-2227.108541,4.3409610448387903e-14
1669000000.0,-2225.369651,4.341954327109646e-14
1670000000.0,-2223.632834,4.342947535760766e-14
1671000000.0,-2221.898086,4.343940665641326e-14
1672000000.0,-2220.165405,4.344933713584281e-14
1673000000.0,-2218.434788,4.345926672460738e-14
1674000000.0,-2216.706232,4.3469195371214374e-14
1675000000.0,-2214.979734,4.3479123063967823e-14
1676000000.0,-2213.255291,4.348904975151225e-14
1677000000.0,-2211.532899,4.349897536256071e-14
1678000000.0,-2209.812557,4.3508899885624103e-14
1679000000.0,-2208.094261,4.351882324944925e-14
1680000000.0,-2206.378009,4.352874542270668e-14
1681000000.0,-2204.663797,4.353866633411478e-14
1682000000.0,-2202.951622,4.3548585972442725e-14
1683000000.0,-2201.241483,4.3558504286508037e-14
1684000000.0,-2199.533375,4.3568421225135864e-14
1685000000.0,-2197.827295,4.3578336717053363e-14
1686000000.0,-2196.123242,4.358825075129194e-14
1687000000.0,-2194.421212,4.359816327676404e-14
1688000000.0,-2192.721203,4.360807424239052e-14
1689000000.0,-2191.02321,4.361798361729118e-14
1690000000.0,-2189.327233,4.362789133025652e-14
1691000000.0,-2187.633267,4.3637797330234167e-14
1692000000.0,-2185.94131,4.3647701626941915e-14
1693000000.0,-2184.251359,4.3657604108712286e-14
1694000000.0,-2182.563412,4.366750476511351e-14
1695000000.0,-2180.877464,4.367740356557608e-14
1696000000.0,-2179.193515,4.36873004186105e-14
1697000000.0,-2177.51156,4.369719531400643e-14
1698000000.0,-2175.831597,4.370708822135323e-14
1699000000.0,-2174.153624,4.371697904913004e-14
1700000000.0,-2172.477636,4.372686776692717e-14
1701000000.0,-2170.803633,4.373675436487592e-14
1702000000.0,-2169.13161,4.3746638751426107e-14
1703000000.0,-2167.461565,4.37565209168177e-14
1704000000.0,-2165.793496,4.376640078994795e-14
1705000000.0,-2164.127398,4.377627834070075e-14
1706000000.0,-2162.463271,4.378615351850683e-14
1707000000.0,-2160.801111,4.379602627280983e-14
1708000000.0,-2159.140914,4.38058965736602e-14
1709000000.0,-2157.482679,4.381576437059208e-14
1710000000.0,-2155.826403,4.382562959251703e-14
1711000000.0,-2154.172083,4.383549225090568e-14
1712000000.0,-2152.519716,4.3845352254104e-14
1713000000.0,-2150.869299,4.3855209551702187e-14
1714000000.0,-2149.22083,4.386506413474872e-14
1715000000.0,-2147.574306,4.387491595299166e-14
1716000000.0,-2145.929724,4.3884764935429544e-14
1717000000.0,-2144.287082,4.3894611052562824e-14
1718000000.0,-2142.646377,4.390445425418575e-14
1719000000.0,-2141.007632,4.391429451093743e-14
1720000000.0,-2139.370766,4.392413175185806e-14
1721000000.0,-2137.735875,4.39339659685341e-14
1722000000.0,-2136.102869,4.3943797069166956e-14
1723000000.0,-2134.471808,4.395362504546249e-14
1724000000.0,-2132.842667,4.3963449847443e-14
1725000000.0,-2131.215443,4.397327142514815e-14
1726000000.0,-2129.590135,4.398308972863544e-14
1727000000.0,-2127.96674,4.3992904728981066e-14
1728000000.0,-2126.345255,4.400271635532084e-14
1729000000.0,-2124.725677,4.401252457881078e-14
1730000000.0,-2123.108003,4.402232937071182e-14
1731000000.0,-2121.492231,4.4032130639128944e-14
1732000000.0,-2119.878359,4.404192839755709e-14
1733000000.0,-2118.266384,4.405172257524873e-14
1734000000.0,-2116.656302,4.406151310138987e-14
1735000000.0,-2115.048111,4.407129998979384e-14
1736000000.0,-2113.44181,4.408108312738343e-14
1737000000.0,-2111.837394,4.409086252814256e-14
1738000000.0,-2110.234862,4.41006381213824e-14
1739000000.0,-2108.634211,4.4110409857608704e-14
1740000000.0,-2107.035438,4.412017770863019e-14
1741000000.0,-2105.438541,4.41299416250607e-14
1742000000.0,-2103.843516,4.413970153621115e-14
1743000000.0,-2102.250362,4.414945745671433e-14
1744000000.0,-2100.659083,4.415920927327615e-14
1745000000.0,-2099.069654,4.416895700070481e-14
1746000000.0,-2097.482096,4.4178700547033684e-14
1747000000.0,-2095.896397,4.418843990587933e-14
1748000000.0,-2094.312566,4.419817500669041e-14
1749000000.0,-2092.730569,4.420790580032946e-14
1750000000.0,-2091.150434,4.421763228068025e-14
1751000000.0,-2089.57215,4.422735437726411e-14
1752000000.0,-2087.995712,4.423707204108227e-14
1753000000.0,-2086.421119,4.424678522316093e-14
1754000000.0,-2084.848367,4.4256493917722816e-14
1755000000.0,-2083.277455,4.4266198032761015e-14
1756000000.0,-2081.70838,4.427589756263689e-14
1757000000.0,-2080.141138,4.42855924369595e-14
1758000000.0,-2078.575729,4.4295282628622646e-14
1759000000.0,-2077.012148,4.4304968088939624e-14
1760000000.0,-2075.450395,4.4314648747534406e-14
1761000000.0,-2073.890465,4.43243245991856e-14
1762000000.0,-2072.332356,4.433399559535401e-14
1763000000.0,-2070.776067,4.4343661665746565e-14
1764000000.0,-2069.221593,4.435332278361846e-14
1765000000.0,-2067.668934,4.4362978922340784e-14
1766000000.0,-2066.118086,4.4372630011706056e-14
1767000000.0,-2064.569047,4.438227600331772e-14
1768000000.0,-2063.021814,4.4391916870699806e-14
1769000000.0,-2061.476384,4.4401552565580506e-14
1770000000.0,-2059.932756,4.441118303971798e-14
1771000000.0,-2058.390927,4.4420808266857604e-14
1772000000.0,-2056.850894,4.443042817690531e-14
1773000000.0,-2055.312654,4.444004274371178e-14
1774000000.0,-2053.776206,4.444965191922386e-14
1775000000.0,-2052.241546,4.4459255655419885e-14
1776000000.0,-2050.708673,4.446885390430999e-14
1777000000.0,-2049.177583,4.44784466621134e-14
1778000000.0,-2047.648274,4.4488033814705e-14
1779000000.0,-2046.120745,4.4497615380523485e-14
1780000000.0,-2044.594991,4.4507191289686485e-14
1781000000.0,-2043.071011,4.451676151660981e-14
1782000000.0,-2041.548802,4.452632596923571e-14
1783000000.0,-2040.028362,4.453588466646624e-14
1784000000.0,-2038.509689,4.4545437538532146e-14
1785000000.0,-2036.992779,4.4554984515610666e-14
1786000000.0,-2035.477631,4.4564525594685054e-14
1787000000.0,-2033.964241,4.457406072833295e-14
1788000000.0,-2032.452608,4.458358984683701e-14
1789000000.0,-2030.942729,4.45931129251325e-14
1790000000.0,-2029.434601,4.460262991590435e-14
1791000000.0,-2027.928222,4.4612140771873863e-14
1792000000.0,-2026.42359,4.462164546821766e-14
1793000000.0,-2024.920702,4.463114393535619e-14
1794000000.0,-2023.419565,4.464063614858451e-14
1795000000.0,-2021.920149,4.465012206083869e-14
1796000000.0,-2020.422479,4.4659601647599695e-14
1797000000.0,-2018.926543,4.4669074816888063e-14
1798000000.0,-2017.432362,4.467854156679055e-14
1799000000.0,-2015.939865,4.468800185046315e-14
1800000000.0,-2014.449117,4.469745559850579e-14
1801000000.0,-2012.960094,4.470690278670427e-14
1802000000.0,-2011.472794,4.4716343390972654e-14
1803000000.0,-2009.987213,4.4725777342030366e-14
1804000000.0,-2008.503349,4.4735204593232563e-14
1805000000.0,-2007.021201,4.4744625143387e-14
1806000000.0,-2005.540765,4.4754038900607436e-14
1807000000.0,-2004.062039,4.476344584112252e-14
1808000000.0,-2002.58502,4.477284591851888e-14
1809000000.0,-2001.109707,4.4782239086425184e-14
1810000000.0,-1999.636097,4.4791625321329176e-14
1811000000.0,-1998.164187,4.480100457701111e-14
1812000000.0,-1996.693975,4.4810376807294296e-14
1813000000.0,-1995.225459,4.4819741943162226e-14
1814000000.0,-1993.758653,4.482909998426946e-14
1815000000.0,-1992.293504,4.483845086170935e-14
1816000000.0,-1990.830061,4.4847794529480574e-14
1817000000.0,-1989.368335,4.485713096459844e-14
1818000000.0,-1987.908229,4.486646012121783e-14
1819000000.0,-1986.449837,4.487578195353902e-14
1820000000.0,-1984.993123,4.488509641580783e-14
1821000000.0,-1983.538085,4.4894403462316156e-14
1822000000.0,-1982.084722,4.490370304740209e-14
1823000000.0,-1980.633031,4.4912995171660865e-14
1824000000.0,-1979.183009,4.492227972027514e-14
1825000000.0,-1977.734653,4.493155671710631e-14
1826000000.0,-1976.287963,4.494082607047045e-14
1827000000.0,-1974.842935,4.4950087781330455e-14
1828000000.0,-1973.399566,4.495934178122613e-14
1829000000.0,-1971.957855,4.4968588048134284e-14
1830000000.0,-1970.517799,4.4977826513647734e-14
1831000000.0,-1969.079396,4.4987057132602784e-14
1832000000.0,-1967.642643,4.4996279906496315e-14
1833000000.0,-1966.207553,4.500549474374223e-14
1834000000.0,-1964.774079,4.501470164602667e-14
1835000000.0,-1963.342266,4.5023900545147635e-14
1836000000.0,-1961.912088,4.503309139625958e-14
1837000000.0,-1960.483552,4.5042274177985086e-14
1838000000.0,-1959.05665,4.505144882220913e-14
1839000000.0,-1957.631386,4.5060615331163936e-14
1840000000.0,-1956.207751,4.5069773613377226e-14
1841000000.0,-1954.78575,4.5078923647769195e-14
1842000000.0,-1953.365367,4.5088065413402256e-14
1843000000.0,-1951.946613,4.5097198842379865e-14
1844000000.0,-1950.529481,4.5106323890342934e-14
1845000000.0,-1949.113971,4.5115440536581675e-14
1846000000.0,-1947.700075,4.5124548713294514e-14
1847000000.0,-1946.287795,4.513364842356529e-14
1848000000.0,-1944.877129,4.514273957606205e-14
1849000000.0,-1943.468073,4.5151822174068226e-14
1850000000.0,-1942.060625,4.516089612627359e-14
1851000000.0,-1940.654782,4.516996143616254e-14
1852000000.0,-1939.250547,4.5179018059951236e-14
1853000000.0,-1937.847909,4.518806593013842e-14
1854000000.0,-1936.446868,4.519710502678332e-14
1855000000.0,-1935.047425,4.520613528245442e-14
1856000000.0,-1933.649578,4.521515670121178e-14
1857000000.0,-1932.253321,4.5224169191898584e-14
1858000000.0,-1930.858668,4.523317275878075e-14
1859000000.0,-1929.465576,4.5242167334637377e-14
1860000000.0,-1928.074081,4.5251152876147655e-14
1861000000.0,-1926.68417,4.526012936400317e-14
1862000000.0,-1925.295838,4.5269096755069434e-14
1863000000.0,-1923.909085,4.527805498227448e-14
1864000000.0,-1922.523925,4.528700402655735e-14
1865000000.0,-1921.140321,4.5295943844964956e-14
1866000000.0,-1919.75827,4.530487437054066e-14
1867000000.0,-1918.377805,4.53137956326483e-14
1868000000.0,-1916.998907,4.532270751632507e-14
1869000000.0,-1915.621573,4.5331610002929364e-14
1870000000.0,-1914.2458,4.534050309812591e-14
1871000000.0,-1912.871589,4.5349386686938095e-14
1872000000.0,-1911.498934,4.5358260799378207e-14
1873000000.0,-1910.127834,4.536712534468358e-14
1874000000.0,-1908.758286,4.537598030470782e-14
1875000000.0,-1907.390296,4.538482561292597e-14
1876000000.0,-1906.02384,4.5393661275653963e-14
1877000000.0,-1904.658949,4.5402487226518804e-14
1878000000.0,-1903.295329,4.5411303447790107e-14
1879000000.0,-1901.933473,4.542010984882523e-14
1880000000.0,-1900.573162,4.542890643638129e-14
1881000000.0,-1899.214375,4.543769316865973e-14
1882000000.0,-1897.85713,4.5446469979505636e-14
1883000000.0,-1896.501416,4.545523685163247e-14
1884000000.0,-1895.147233,4.546399371897498e-14
1885000000.0,-1893.794588,4.547274058891691e-14
1886000000.0,-1892.443448,4.5481477371038623e-14
1887000000.0,-1891.093841,4.549020404841496e-14
1888000000.0,-1889.745755,4.549892060427922e-14
1889000000.0,-1888.399199,4.550762697286369e-14
1890000000.0,-1887.054137,4.5516323112982834e-14
1891000000.0,-1885.7106,4.552500898352101e-14
1892000000.0,-1884.368575,4.553368456807995e-14
1893000000.0,-1883.028065,4.554234980108244e-14
1894000000.0,-1881.689052,4.555100466631653e-14
1895000000.0,-1880.351549,4.555964912301678e-14
1896000000.0,-1879.015549,4.5568283105752587e-14
1897000000.0,-1877.681049,4.55769065985941e-14
1898000000.0,-1876.348048,4.5585519560991816e-14
1899000000.0,-1875.016539,4.559412195246893e-14
1900000000.0,-1873.686527,4.560271373262164e-14
1901000000.0,-1872.358011,4.5611294885968434e-14
1902000000.0,-1871.03098,4.5619865322577295e-14
1903000000.0,-1869.705436,4.562842505198582e-14
1904000000.0,-1868.381377,4.5636974009236984e-14
1905000000.0,-1867.0588,4.564551215429745e-14
1906000000.0,-1865.737704,4.5654039472169973e-14
1907000000.0,-1864.418085,4.5662555898055725e-14
1908000000.0,-1863.099943,4.567106141715364e-14
1909000000.0,-1861.783273,4.567955598980031e-14
1910000000.0,-1860.468086,4.568803955135828e-14
1911000000.0,-1859.154346,4.5696512087323375e-14
1912000000.0,-1857.842084,4.570497355826293e-14
1913000000.0,-1856.531286,4.571342392482188e-14
1914000000.0,-1855.221951,4.572186312258287e-14
1915000000.0,-1853.914088,4.5730291162605206e-14
1916000000.0,-1852.607667,4.573870798065093e-14
1917000000.0,-1851.302695,4.5747113537678975e-14
1918000000.0,-1849.999187,4.5755507794727613e-14
1919000000.0,-1848.697136,4.576389071291491e-14
1920000000.0,-1847.39652,4.577226225343895e-14
1921000000.0,-1846.097358,4.5780622402875376e-14
1922000000.0,-1844.799639,4.5788971097331263e-14
1923000000.0,-1843.503364,4.5797308323588986e-14
1924000000.0,-1842.208529,4.5805634017873417e-14
1925000000.0,-1840.915133,4.58139481671751e-14
1926000000.0,-1839.623168,4.582225070783817e-14
1927000000.0,-1838.332646,4.5830541601631215e-14
1928000000.0,-1837.043541,4.583882086131348e-14
1929000000.0,-1835.755888,4.584708839800159e-14
1930000000.0,-1834.469621,4.585534419921254e-14
1931000000.0,-1833.184811,4.586358820159482e-14
1932000000.0,-1831.901415,4.587182039287852e-14
1933000000.0,-1830.619439,4.588004073540215e-14
1934000000.0,-1829.338881,4.5888249191589216e-14
1935000000.0,-1828.05974,4.589644572394861e-14
1936000000.0,-1826.782028,4.5904630295074966e-14
1937000000.0,-1825.505709,4.591280286764895e-14
1938000000.0,-1824.230782,4.5920963404437694e-14
1939000000.0,-1822.957281,4.59291118682951e-14
1940000000.0,-1821.685192,4.5937248222162196e-14
1941000000.0,-1820.414502,4.594537242906753e-14
1942000000.0,-1819.145197,4.595348445212744e-14
1943000000.0,-1817.877294,4.596158428033596e-14
1944000000.0,-1816.610791,4.5969671825429563e-14
1945000000.0,-1815.345681,4.5977747102391576e-14
1946000000.0,-1814.081966,4.598581004890368e-14
1947000000.0,-1812.819635,4.599386065440562e-14
1948000000.0,-1811.558698,4.6001898830812716e-14
1949000000.0,-1810.299143,4.600992459364611e-14
1950000000.0,-1809.040969,4.6017937880858635e-14
1951000000.0,-1807.784176,4.6025938682341206e-14
1952000000.0,-1806.528761,4.603392693618429e-14
1953000000.0,-1805.274723,4.6041902606493616e-14
1954000000.0,-1804.022058,4.604986568350218e-14
1955000000.0,-1802.770765,4.605781610550958e-14
1956000000.0,-1801.520836,4.6065753862978585e-14
1957000000.0,-1800.27229,4.607367889434998e-14
1958000000.0,-1799.025095,4.6081591190317674e-14
1959000000.0,-1797.779267,4.608949068946507e-14
1960000000.0,-1796.534799,4.609737735654951e-14
1961000000.0,-1795.291689,4.6105251182614265e-14
1962000000.0,-1794.049943,4.611311213267291e-14
1963000000.0,-1792.809541,4.612096014559824e-14
1964000000.0,-1791.570496,4.6128795186527667e-14
1965000000.0,-1790.3328,4.613661724697501e-14
1966000000.0,-1789.096453,4.614442629233661e-14
1967000000.0,-1787.861451,4.6152222261780293e-14
1968000000.0,-1786.627792,4.616000512082906e-14
1969000000.0,-1785.395473,4.6167774887842404e-14
1970000000.0,-1784.164498,4.617553144949615e-14
1971000000.0,-1782.934857,4.61832748243676e-14
1972000000.0,-1781.706551,4.619100497843763e-14
1973000000.0,-1780.479586,4.619872187778574e-14
1974000000.0,-1779.253945,4.620642543562872e-14
1975000000.0,-1778.029622,4.621411569762019e-14
1976000000.0,-1776.806634,4.62217925506284e-14
1977000000.0,-1775.584971,4.622945604064e-14
1978000000.0,-1774.364628,4.6237106081160033e-14
1979000000.0,-1773.145608,4.62447426388003e-14
1980000000.0,-1771.927907,4.625236570688789e-14
1981000000.0,-1770.711515,4.6259975225667345e-14
1982000000.0,-1769.49644,4.626757118871326e-14
1983000000.0,-1768.28268,4.6275153536429544e-14
1984000000.0,-1767.070229,4.628272226263968e-14
1985000000.0,-1765.859079,4.629027730790833e-14
1986000000.0,-1764.649238,4.6297818639561864e-14
1987000000.0,-1763.4407,4.6305346251799566e-14
1988000000.0,-1762.233462,4.631286008542984e-14
1989000000.0,-1761.027521,4.63203601349042e-14
1990000000.0,-1759.822883,4.632784634119527e-14
1991000000.0,-1758.619533,4.633531867214997e-14
1992000000.0,-1757.417476,4.634277709572035e-14
1993000000.0,-1756.216712,4.635022160686632e-14
1994000000.0,-1755.017235,4.635765214689307e-14
1995000000.0,-1753.819044,4.636506868407004e-14
1996000000.0,-1752.622137,4.6372471186773174e-14
1997000000.0,-1751.42652,4.637985965047607e-14
1998000000.0,-1750.232167,4.638723398980898e-14
1999000000.0,-1749.039093,4.639459422747311e-14
2000000000.0,-1747.847305,4.640194030528273e-14
2001000000.0,-1746.656782,4.640927219215117e-14
2001999999.9999998,-1745.467542,4.641658985710021e-14
2003000000.0,-1744.279564,4.642389326926042e-14
2004000000.0,-1743.09285,4.6431182370726154e-14
2005000000.0,-1741.907401,4.6438457185115415e-14
2005999999.9999998,-1740.723226,4.644571765476388e-14
2007000000.0,-1739.540305,4.645296372202907e-14
2008000000.0,-1738.358643,4.646019538375814e-14
2009000000.0,-1737.178238,4.646741260974151e-14
2009999999.9999998,-1735.999085,4.647461536988075e-14
2011000000.0000002,-1734.82119,4.6481803606889133e-14
2012000000.0,-1733.644543,4.6488977318147124e-14
2013000000.0,-1732.469145,4.6496136446547904e-14
2013999999.9999998,-1731.294993,4.650328098974051e-14
2015000000.0000002,-1730.122086,4.651041091818701e-14
2016000000.0,-1728.950422,4.651752617505294e-14
2017000000.0,-1727.779998,4.652462673096093e-14
2017999999.9999998,-1726.610812,4.6531712584101006e-14
2019000000.0000002,-1725.442863,4.653878367791397e-14
2020000000.0,-1724.276149,4.6545840010862235e-14
2021000000.0,-1723.110666,4.655288149905239e-14
2021999999.9999998,-1721.946414,4.655990816869603e-14
2023000000.0000002,-1720.78339,4.656691996360569e-14
2024000000.0,-1719.621593,4.6573916827621945e-14
2025000000.0,-1718.461019,4.658089878743499e-14
2025999999.9999998,-1717.301659,4.6587865787139654e-14
2027000000.0000002,-1716.143537,4.6594817798510653e-14
2028000000.0,-1714.986624,4.6601754765766944e-14
2029000000.0,-1713.830927,4.660867668854652e-14
2029999999.9999998,-1712.676445,4.6615583538975993e-14
2031000000.0000002,-1711.523175,4.66224752615615e-14
2032000000.0,-1710.371127,4.6629351884120684e-14
2033000000.0,-1709.220262,4.663621329585426e-14
2033999999.9999998,-1708.070617,4.664305952483911e-14
2035000000.0000002,-1706.922177,4.66498905159689e-14
2036000000.0,-1705.774932,4.6656706269864564e-14
2037000000.0,-1704.628895,4.66635067316154e-14
2037999999.9999998,-1703.484055,4.6670291874234824e-14
2039000000.0000002,-1702.340406,4.667706167085661e-14
2040000000.0,-1701.197952,4.6683816122670014e-14
2041000000.0,-1700.056697,4.6690555147203214e-14
2041999999.9999998,-1698.916635,4.6697278745866083e-14
2043000000.0000002,-1697.777754,4.6703986892277346e-14
2044000000.0,-1696.640058,4.671067953215615e-14
2045000000.0,-1695.503551,4.671735666734365e-14
2045999999.9999998,-1694.36822,4.672401827182554e-14
2047000000.0000002,-1693.234071,4.67306643197103e-14
2048000000.0,-1692.101114,4.673729472901284e-14
2049000000.0,-1690.969323,4.674390955834872e-14
2049999999.9999998,-1689.838707,4.6750508697806635e-14
2051000000.0000002,-1688.709264,4.6757092150033273e-14
2052000000.0,-1687.580992,4.6763659917886514e-14
2053000000.0,-1686.453887,4.677021194800193e-14
2053999999.9999998,-1685.327948,4.677674818705364e-14
2055000000.0000002,-1684.203181,4.678326866653467e-14
2056000000.0,-1683.079574,4.6789773305110116e-14
2057000000.0,-1681.957127,4.679626210630786e-14
2057999999.9999998,-1680.835837,4.6802735017218763e-14
2059000000.0000002,-1679.71571,4.6809192041666773e-14
2060000000.0,-1678.596735,4.681563315532101e-14
2061000000.0,-1677.478911,4.682205827719853e-14
2061999999.9999998,-1676.362245,4.682846743991593e-14
2063000000.0000002,-1675.246726,4.683486059109191e-14
2064000000.0,-1674.132359,4.68412377068413e-14
2065000000.0,-1673.019128,4.684759876340718e-14
2065999999.9999998,-1671.907049,4.6853943737161303e-14
2067000000.0000002,-1670.796104,4.6860272576085615e-14
2068000000.0,-1669.686312,4.686658528528571e-14
2069000000.0,-1668.577652,4.687288184152095e-14
2069999999.9999998,-1667.470129,4.6879162193097294e-14
2071000000.0000002,-1666.363735,4.688542631696957e-14
2072000000.0,-1665.258486,4.6891674218848996e-14
2073000000.0,-1664.154362,4.689790581872082e-14
2073999999.9999998,-1663.051368,4.690412115120533e-14
2075000000.0000002,-1661.9495,4.6910320165154485e-14
2076000000.0,-1660.848759,4.691650280946618e-14
2077000000.0,-1659.749141,4.692266909055062e-14
2077999999.9999998,-1658.650646,4.692881898628121e-14
2079000000.0000002,-1657.55327,4.693495244588788e-14
2080000000.0,-1656.457008,4.694106947624213e-14
2081000000.0,-1655.361869,4.6947169997978234e-14
2081999999.9999998,-1654.267846,4.6953254047052277e-14
2083000000.0000002,-1653.174929,4.695932157314104e-14
2084000000.0,-1652.083126,4.6965372554852273e-14
2085000000.0,-1650.992439,4.6971406970927686e-14
2085999999.9999998,-1649.902857,4.6977424771318376e-14
2087000000.0000002,-1648.814379,4.6983425963917345e-14
2088000000.0,-1647.726999,4.698941049890266e-14
2089000000.0,-1646.640724,4.6995378355491156e-14
2089999999.9999998,-1645.555551,4.700132954204507e-14
2091000000.0000002,-1644.471472,4.700726400908485e-14
2092000000.0,-1643.388503,4.701318170718217e-14
2093000000.0,-1642.306613,4.701908267418056e-14
2093999999.9999998,-1641.225828,4.702496683185087e-14
2095000000.0000002,-1640.146133,4.703083418927879e-14
2096000000.0,-1639.067524,4.703668469749775e-14
2097000000.0,-1637.990003,4.704251836591009e-14
2097999999.9999998,-1636.913575,4.704833511660254e-14
2099000000.0000002,-1635.83822,4.705413498843204e-14
2100000000.0,-1634.763961,4.705991790367681e-14
2101000000.0,-1633.690774,4.706568390155466e-14
2101999999.9999998,-1632.618673,4.707143290453633e-14
2103000000.0000002,-1631.547646,4.707716489363213e-14
2104000000.0,-1630.477694,4.708287987929726e-14
2105000000.0,-1629.408817,4.708857781355702e-14
2105999999.9999998,-1628.341012,4.709425870718767e-14
2107000000.0000002,-1627.274278,4.709992248308325e-14
2108000000.0,-1626.208614,4.7105569152279093e-14
2109000000.0,-1625.144027,4.711119869662419e-14
2109999999.9999998,-1624.080496,4.7116811068676595e-14
2111000000.0000002,-1623.018031,4.7122406250504e-14
2112000000.0,-1621.956629,4.712798425378885e-14
2113000000.0,-1620.896287,4.7133545031449804e-14
2113999999.9999998,-1619.837005,4.7139088565978867e-14
2115000000.0000002,-1618.778781,4.714461484000995e-14
2116000000.0,-1617.721613,4.715012380676208e-14
2117000000.0,-1616.665499,4.7155615478669026e-14
2118000000.0,-1615.610435,4.716108980919314e-14
2119000000.0000002,-1614.556424,4.716654678147589e-14
2120000000.0,-1613.503467,4.7171986408442343e-14
2121000000.0,-1612.451553,4.71774086142605e-14
2122000000.0,-1611.400689,4.7182813412121617e-14
2123000000.0000002,-1610.350863,4.718820078574117e-14
2124000000.0,-1609.302087,4.719357068925527e-14
2125000000.0,-1608.254346,4.7198923136349807e-14
2126000000.0,-1607.207655,4.7204258051643265e-14
2126999999.9999998,-1606.161998,4.720957547887595e-14
2128000000.0,-1605.117377,4.721487534287334e-14
2129000000.0,-1604.073791,4.7220157657921844e-14
2130000000.0,-1603.031234,4.7225422378840644e-14
2130999999.9999998,-1601.989716,4.7230669520248804e-14
2132000000.0,-1600.949223,4.72358990372159e-14
2133000000.0,-1599.909769,4.724111091478481e-14
2134000000.0,-1598.871335,4.7246305108214636e-14
2134999999.9999998,-1597.833924,4.72514816626812e-14
2136000000.0000002,-1596.797541,4.7256640473814956e-14
2137000000.0,-1595.762186,4.7261781587106365e-14
2138000000.0,-1594.727847,4.72669049883327e-14
2138999999.9999998,-1593.694527,4.727201060335275e-14
2140000000.0000002,-1592.662229,4.7277098448169406e-14
2141000000.0,-1591.630946,4.728216847886769e-14
2142000000.0,-1590.600678,4.728722071178781e-14
2142999999.9999998,-1589.571422,4.729225513338539e-14
2144000000.0000002,-1588.543183,4.729727166999388e-14
2145000000.0,-1587.515949,4.730227033839954e-14
2146000000.0,-1586.489733,4.7307251125443265e-14
2146999999.9999998,-1585.464517,4.7312214018115195e-14
2148000000.0,-1584.440307,4.731715897333798e-14
2149000000.0,-1583.417109,4.7322085978339833e-14
2150000000.0,-1582.394912,4.732699502049899e-14
2151000000.0,-1581.373718,4.733188608734377e-14
2152000000.0,-1580.353528,4.733675913625454e-14
2153000000.0,-1579.334331,4.7341614185318323e-14
2154000000.0,-1578.316133,4.7346451222515135e-14
2155000000.0,-1577.298932,4.7351270175257485e-14
2156000000.0,-1576.282727,4.735607106208537e-14
2157000000.0,-1575.267518,4.736085387137155e-14
2158000000.0,-1574.2533,4.7365618591640256e-14
2159000000.0,-1573.240074,4.737036518112743e-14
2160000000.0,-1572.227836,4.737509359814023e-14
2161000000.0,-1571.216587,4.737980389249861e-14
2162000000.0,-1570.206325,4.7384496022834495e-14
2163000000.0,-1569.197048,4.738916994785169e-14
2164000000.0,-1568.188758,4.7393825656867146e-14
2165000000.0,-1567.18145,4.73984631699117e-14
2166000000.0,-1566.17512,4.7403082415506726e-14
2167000000.0,-1565.169775,4.7407683444570557e-14
2168000000.0,-1564.165406,4.741226615523001e-14
2169000000.0,-1563.162014,4.741683062937189e-14
2170000000.0,-1562.159599,4.74213767653104e-14
2171000000.0,-1561.158162,4.7425904583998245e-14
2172000000.0,-1560.157695,4.743041407592128e-14
2173000000.0,-1559.158203,4.743490520099881e-14
2174000000.0,-1558.159684,4.743937798070691e-14
2175000000.0,-1557.162133,4.74438323752344e-14
2176000000.0,-1556.165549,4.744826837562626e-14
2177000000.0,-1555.169932,4.745268594228194e-14
2178000000.0,-1554.175281,4.7457085097317865e-14
2179000000.0,-1553.181599,4.7461465801404635e-14
2180000000.0,-1552.188875,4.7465828046149416e-14
2181000000.0,-1551.197116,4.747017182331528e-14
2182000000.0,-1550.206318,4.747449712482132e-14
2183000000.0,-1549.216481,4.7478803911823297e-14
2184000000.0,-1548.227604,4.748309217649356e-14
2185000000.0,-1547.239685,4.748736191116111e-14
2186000000.0,-1546.252718,4.7491613108311613e-14
2187000000.0,-1545.266708,4.749584572958926e-14
2188000000.0,-1544.281655,4.750005979875272e-14
2189000000.0,-1543.297552,4.750425527772102e-14
2190000000.0,-1542.314398,4.750843212849194e-14
2191000000.0,-1541.332204,4.7512590375296396e-14
2192000000.0,-1540.350949,4.7516730011504846e-14
2193000000.0,-1539.370645,4.752085099952933e-14
2194000000.0,-1538.391289,4.752495333299737e-14
2195000000.0,-1537.412881,4.752903697453936e-14
2196000000.0,-1536.435414,4.7533101949215575e-14
2197000000.0,-1535.458896,4.753714821993418e-14
2198000000.0,-1534.483318,4.7541175780897766e-14
2199000000.0,-1533.508681,4.754518462646778e-14
2200000000.0,-1532.534982,4.7549174751164556e-14
2201000000.0,-1531.562227,4.755314611839529e-14
2202000000.0,-1530.590412,4.7557098722940324e-14
2203000000.0,-1529.619529,4.756103255973937e-14
2204000000.0,-1528.649582,4.756494759256133e-14
2205000000.0,-1527.680568,4.756884384795675e-14
2206000000.0,-1526.712495,4.757272128997526e-14
2207000000.0,-1525.74535,4.7576579914137484e-14
2208000000.0,-1524.779138,4.758041968471646e-14
2209000000.0,-1523.813856,4.758424062892222e-14
2210000000.0,-1522.849508,4.758804271130982e-14
2211000000.0,-1521.886088,4.759182592798326e-14
2212000000.0,-1520.923598,4.759559027520714e-14
2213000000.0,-1519.962024,4.759933571790299e-14
2214000000.0,-1519.00139,4.7603062252599476e-14
2215000000.0,-1518.041668,4.760676987598635e-14
2216000000.0,-1517.082877,4.76104585849145e-14
2217000000.0,-1516.125008,4.761412834481566e-14
2218000000.0,-1515.168062,4.761777918440556e-14
2219000000.0,-1514.212042,4.76214110377821e-14
2220000000.0,-1513.256932,4.762502393396511e-14
2221000000.0,-1512.302745,4.762861783889918e-14
2222000000.0,-1511.349478,4.763219278196591e-14
2223000000.0,-1510.397127,4.7635748697701156e-14
2224000000.0,-1509.445694,4.7639285647505256e-14
2225000000.0,-1508.495176,4.764280353442992e-14
2226000000.0,-1507.545572,4.7646302420219137e-14
2227000000.0,-1506.596888,4.7649782239849383e-14
2228000000.0,-1505.649106,4.765324302367621e-14
2229000000.0,-1504.702242,4.765668473867723e-14
2230000000.0,-1503.75629,4.766010741557132e-14
2231000000.0,-1502.811248,4.7663510989778314e-14
2232000000.0,-1501.867111,4.766689549232418e-14
2233000000.0,-1500.923889,4.7670260890706576e-14
2234000000.0,-1499.981572,4.7673607184413403e-14
2235000000.0,-1499.040162,4.767693437309589e-14
2236000000.0,-1498.099659,4.7680242424629164e-14
2237000000.0,-1497.160064,4.768353133893531e-14
2238000000.0,-1496.221369,4.7686801116100104e-14
2239000000.0,-1495.28358,4.769005175637304e-14
2240000000.0,-1494.346695,4.7693283260167455e-14
2241000000.0,-1493.410712,4.769649556399497e-14
2242000000.0,-1492.475628,4.7699688700536574e-14
2243000000.0,-1491.541445,4.770286267064179e-14
2244000000.0,-1490.608165,4.770601744323588e-14
2245000000.0,-1489.675783,4.7709153019441206e-14
2246000000.0,-1488.7443,4.771226940054455e-14
2247000000.0,-1487.813716,4.771536655585318e-14
2248000000.0,-1486.884027,4.7718444486927474e-14
2249000000.0,-1485.955241,4.772150319549246e-14
2250000000.0,-1485.027339,4.7724542651238693e-14
2251000000.0,-1484.100339,4.772756288838321e-14
2252000000.0,-1483.174232,4.773056387690944e-14
2253000000.0,-1482.24902,4.7733545619146615e-14
2254000000.0,-1481.324702,4.773650808531636e-14
2255000000.0,-1480.401275,4.773945127802311e-14
2256000000.0,-1479.478737,4.7742375200036573e-14
2257000000.0,-1478.557094,4.774527982196418e-14
2258000000.0,-1477.63634,4.7748165179197246e-14
2259000000.0,-1476.716476,4.7751031210273514e-14
2260000000.0,-1475.797501,4.775387798327917e-14
2261000000.0,-1474.879418,4.775670540460984e-14
2262000000.0,-1473.962218,4.77595135427011e-14
2263000000.0,-1473.045908,4.776230233655308e-14
2264000000.0,-1472.130484,4.7765071822550686e-14
2265000000.0,-1471.215947,4.77678219723716e-14
2266000000.0,-1470.302297,4.77705527902778e-14
2267000000.0,-1469.38953,4.777326428069726e-14
2268000000.0,-1468.477651,4.777595641569703e-14
2269000000.0,-1467.566654,4.7778629167438214e-14
2270000000.0,-1466.656542,4.77812826058645e-14
2271000000.0,-1465.747309,4.778391667090652e-14
2272000000.0,-1464.838962,4.778653133511621e-14
2273000000.0,-1463.931503,4.778912666898977e-14
2274000000.0,-1463.024919,4.7791702612795255e-14
2275000000.0,-1462.11921,4.779425917212856e-14
2276000000.0,-1461.214389,4.7796796352752064e-14
2277000000.0,-1460.310448,4.77993141279067e-14
2278000000.0,-1459.407385,4.780181250363441e-14
2279000000.0,-1458.505203,4.780429151886707e-14
2280000000.0,-1457.603898,4.7806751081809664e-14
2281000000.0,-1456.703475,4.780919126441521e-14
2282000000.0,-1455.803925,4.781161204061551e-14
2283000000.0,-1454.905255,4.7814013417232506e-14
2284000000.0,-1454.007463,4.781639536844307e-14
2285000000.0,-1453.110554,4.781875790134967e-14
2286000000.0,-1452.214514,4.7821100990374675e-14
2287000000.0,-1451.319351,4.782342467576601e-14
2288000000.0,-1450.425063,4.782572889936254e-14
2289000000.0,-1449.531645,4.782801373462811e-14
2290000000.0,-1448.639107,4.7830279090748164e-14
2291000000.0,-1447.747445,4.7832525041537953e-14
2292000000.0,-1446.856662,4.783475152931152e-14
2293000000.0,-1445.966748,4.783695859531861e-14
2294000000.0,-1445.077707,4.7839146215072e-14
2295000000.0,-1444.189539,4.7841314364181977e-14
2296000000.0,-1443.302245,4.784346308439946e-14
2297000000.0,-1442.415817,4.784559231859537e-14
2298000000.0,-1441.530274,4.784770214189369e-14
2299000000.0,-1440.645592,4.7849792497430265e-14
2300000000.0,-1439.761786,4.78518633614605e-14
2301000000.0,-1438.878858,4.785391480966172e-14
2302000000.0,-1437.996796,4.785594678551579e-14
2303000000.0,-1437.115606,4.7857959298818654e-14
2304000000.0,-1436.235286,4.7859952326374046e-14
2305000000.0,-1435.355831,4.786192591143742e-14
2306000000.0,-1434.477253,4.786388003111261e-14
2307000000.0,-1433.59955,4.7865814662602245e-14
2308000000.0,-1432.722708,4.7867729849663427e-14
2309000000.0,-1431.84674,4.786962553655423e-14
2310000000.0,-1430.971646,4.787150180061102e-14
2311000000.0,-1430.097415,4.787335855307938e-14
2312000000.0,-1429.224056,4.787519587164709e-14
2313000000.0,-1428.351564,4.787701370105405e-14
2314000000.0,-1427.479946,4.7878812052731085e-14
2315000000.0,-1426.609195,4.7880590938276255e-14
2316000000.0,-1425.739312,4.7882350336091475e-14
2317000000.0,-1424.870297,4.78840902914388e-14
2318000000.0,-1424.002153,4.788581078302076e-14
2319000000.0,-1423.134877,4.788751175622604e-14
2320000000.0,-1422.26847,4.788919329019833e-14
2321000000.0,-1421.402937,4.789085536404081e-14
2322000000.0,-1420.538262,4.7892497956956773e-14
2323000000.0,-1419.674466,4.789412108173043e-14
2324000000.0,-1418.811532,4.789572475131308e-14
2325000000.0,-1417.949462,4.789730894530917e-14
2326000000.0,-1417.088271,4.789887367695416e-14
2327000000.0,-1416.227943,4.790041895965056e-14
2328000000.0,-1415.368484,4.7901944739840533e-14
2329000000.0,-1414.509892,4.7903451098321566e-14
2330000000.0,-1413.652169,4.790493798180357e-14
2331000000.0,-1412.795312,4.79064054042576e-14
2332000000.0,-1411.939329,4.790785337982171e-14
2333000000.0,-1411.084211,4.7909281889154684e-14
2334000000.0,-1410.229962,4.7910690980341356e-14
2335000000.0,-1409.376577,4.791208056698362e-14
2336000000.0,-1408.524069,4.7913450731129526e-14
2337000000.0,-1407.672426,4.791480145399024e-14
2338000000.0,-1406.821652,4.7916132750606006e-14
2339000000.0,-1405.971747,4.791744456869557e-14
2340000000.0,-1405.12271,4.791873699105539e-14
2341000000.0,-1404.274543,4.792000993189579e-14
2342000000.0,-1403.427246,4.792126347436265e-14
2343000000.0,-1402.580817,4.792249756666226e-14
2344000000.0,-1401.735258,4.792371225851317e-14
2345000000.0,-1400.890569,4.7924907498341325e-14
2346000000.0,-1400.04675,4.7926083336181893e-14
2347000000.0,-1399.203801,4.792723975455407e-14
2348000000.0,-1398.361723,4.792837676996836e-14
2349000000.0,-1397.520515,4.7929494365196057e-14
2350000000.0,-1396.680177,4.793059252311056e-14
2351000000.0,-1395.840711,4.79316713284995e-14
2352000000.0,-1395.002115,4.793273069667782e-14
2353000000.0,-1394.164391,4.79337707127811e-14
2354000000.0,-1393.327539,4.793479129231278e-14
2355000000.0,-1392.491558,4.7935792520756204e-14
2356000000.0,-1391.65645,4.793677434782035e-14
2357000000.0,-1390.822214,4.7937736791318396e-14
2358000000.0,-1389.98885,4.7938679903277575e-14
2359000000.0,-1389.15636,4.793960359969738e-14
2360000000.0,-1388.324743,4.794050796695298e-14
2361000000.0,-1387.494,4.7941392955328735e-14
2362000000.0,-1386.664131,4.794225858337122e-14
2363000000.0,-1385.835136,4.794310490391919e-14
2364000000.0,-1385.007015,4.7943931833469375e-14
2365000000.0,-1384.17977,4.7944739459286564e-14
2366000000.0,-1383.3534,4.7945527732230914e-14
2367000000.0,-1382.527906,4.794629667158145e-14
2368000000.0,-1381.703287,4.794704633098683e-14
2369000000.0,-1380.879546,4.7947776627441994e-14
2370000000.0,-1380.056681,4.794848764909894e-14
2371000000.0,-1379.234694,4.7949179347393923e-14
2372000000.0,-1378.413584,4.794985174233728e-14
2373000000.0,-1377.593353,4.7950504854103916e-14
2374000000.0,-1376.774,4.79511386687361e-14
2375000000.0,-1375.955526,4.795175324100408e-14
2376000000.0,-1375.137932,4.7952348488592425e-14
2377000000.0,-1374.321218,4.7952924500881815e-14
2378000000.0,-1373.505385,4.795348126446432e-14
2379000000.0,-1372.690433,4.79540187316614e-14
2380000000.0,-1371.876362,4.7954536992391775e-14
2381000000.0,-1371.063173,4.7955035999243996e-14
2382000000.0,-1370.250867,4.7955515773687025e-14
2383000000.0,-1369.439444,4.795597633735361e-14
2384000000.0,-1368.628905,4.795641767759076e-14
2385000000.0,-1367.81925,4.7956839781848644e-14
2386000000.0,-1367.010479,4.795724270663934e-14
2387000000.0,-1366.202594,4.795762643970964e-14
2388000000.0,-1365.395596,4.795799096890948e-14
2389000000.0,-1364.589483,4.7958336351240465e-14
2390000000.0,-1363.784258,4.795866254030948e-14
2391000000.0,-1362.979921,4.7958969558875e-14
2392000000.0,-1362.176472,4.795925742985832e-14
2393000000.0,-1361.373913,4.795952614175967e-14
2394000000.0,-1360.572243,4.7959775717781023e-14
2395000000.0,-1359.771463,4.7960006146673486e-14
2396000000.0,-1358.971575,4.796021748654763e-14
2397000000.0,-1358.172578,4.796040969180665e-14
2398000000.0,-1357.374474,4.796058282087067e-14
2399000000.0,-1356.577263,4.796073682836391e-14
2400000000.0,-1355.780946,4.796087173832884e-14
2401000000.0,-1354.985524,4.7960987574969744e-14
2402000000.0,-1354.190997,4.79610843626526e-14
2403000000.0,-1353.397366,4.7961162056443456e-14
2404000000.0,-1352.604632,4.7961220715688995e-14
2405000000.0,-1351.812796,4.796126036519555e-14
2406000000.0,-1351.021858,4.7961280925607976e-14
2407000000.0,-1350.231819,4.796128249150172e-14
2408000000.0,-1349.44268,4.796126505331953e-14
2409000000.0,-1348.654443,4.7961228601607223e-14
2410000000.0,-1347.867107,4.7961173161845476e-14
2411000000.0,-1347.080673,4.7961098759675566e-14
2412000000.0,-1346.295143,4.7961005351178024e-14
2413000000.0,-1345.510517,4.7960892997103626e-14
2414000000.0,-1344.726796,4.796076165375324e-14
2415000000.0,-1343.943981,4.796061141708693e-14
2416000000.0,-1343.162073,4.7960442208750885e-14
2417000000.0,-1342.381073,4.796025412503902e-14
2418000000.0,-1341.600981,4.796004708778906e-14
2419000000.0,-1340.821799,4.795982115866822e-14
2420000000.0,-1340.043528,4.795957636458557e-14
2421000000.0,-1339.266168,4.795931266263303e-14
2422000000.0,-1338.48972,4.7959030114955534e-14
2423000000.0,-1337.714186,4.7958728713880756e-14
2424000000.0,-1336.939566,4.795840845183901e-14
2425000000.0,-1336.165862,4.7958069356407476e-14
2426000000.0,-1335.393074,4.7957711455321806e-14
2427000000.0,-1334.621204,4.7957334741404004e-14
2428000000.0,-1333.850252,4.7956939207578644e-14
2429000000.0,-1333.080219,4.7956524917072177e-14
2430000000.0,-1332.311107,4.795609182798388e-14
2431000000.0,-1331.542917,4.795564000384203e-14
2432000000.0,-1330.775649,4.7955169402964486e-14
2433000000.0,-1330.009305,4.7954680089180754e-14
2434000000.0,-1329.243886,4.7954172021027163e-14
2435000000.0,-1328.479392,4.795364526263393e-14
2436000000.0,-1327.715826,4.7953099772755556e-14
2437000000.0,-1326.953188,4.795253561582242e-14
2438000000.0,-1326.191479,4.795195278603003e-14
2439000000.0,-1325.430701,4.7951351277675937e-14
2440000000.0,-1324.670855,4.7950731120409893e-14
2441000000.0,-1323.911941,4.795009234403784e-14
2442000000.0,-1323.153961,4.794943490796748e-14
2443000000.0,-1322.396917,4.794875887752616e-14
2444000000.0,-1321.640808,4.794806424764283e-14
2445000000.0,-1320.885638,4.794735104866552e-14
2446000000.0,-1320.131406,4.79466192757669e-14
2447000000.0,-1319.378115,4.794586892422123e-14
2448000000.0,-1318.625765,4.7945100024761926e-14
2449000000.0,-1317.874357,4.794431260827718e-14
2450000000.0,-1317.123894,4.794350667042596e-14
2451000000.0,-1316.374376,4.79426822069687e-14
2452000000.0,-1315.625804,4.794183928458787e-14
2453000000.0,-1314.87818,4.794097789932593e-14
2454000000.0,-1314.131505,4.794009801188984e-14
2455000000.0,-1313.385781,4.793919968938454e-14
2456000000.0,-1312.641009,4.793828292819545e-14
2457000000.0,-1311.89719,4.79373477602849e-14
2458000000.0,-1311.154325,4.793639418227956e-14
2459000000.0,-1310.412417,4.7935422226408974e-14
2460000000.0,-1309.671466,4.793443188954064e-14
2461000000.0,-1308.931474,4.7933423168642905e-14
2462000000.0,-1308.192442,4.7932396131866356e-14
2463000000.0,-1307.454372,4.7931350740904764e-14
2464000000.0,-1306.717265,4.7930287064200305e-14
2465000000.0,-1305.981122,4.792920506366067e-14
2466000000.0,-1305.245946,4.792810477242689e-14
2467000000.0,-1304.511737,4.792698622379164e-14
2468000000.0,-1303.778497,4.7925849415581335e-14
2469000000.0,-1303.046228,4.7924694381352994e-14
2470000000.0,-1302.314931,4.7923521119171585e-14
2471000000.0,-1301.584608,4.792232962720213e-14
2472000000.0,-1300.85526,4.792111993937807e-14
2473000000.0,-1300.126888,4.791989208978329e-14
2474000000.0,-1299.399495,4.791864611265189e-14
2475000000.0,-1298.673082,4.7917381935249897e-14
2476000000.0,-1297.947651,4.791609966343536e-14
2477000000.0,-1297.223202,4.7914799260392107e-14
2478000000.0,-1296.499739,4.791348076084039e-14
2479000000.0,-1295.777262,4.7912144199649815e-14
2480000000.0,-1295.055773,4.7910789576070666e-14
2481000000.0,-1294.335273,4.790941688945248e-14
2482000000.0,-1293.615765,4.790802617503695e-14
2483000000.0,-1292.89725,4.7906617432408985e-14
2484000000.0,-1292.17973,4.7905190697070094e-14
2485000000.0,-1291.463207,4.790374600466987e-14
2486000000.0,-1290.747682,4.790228335516352e-14
