"Freq [GHz]","im(Z(1,1)) []"
1,-4094.52096187408
1.001,-4089.42144011492
1.002,-4084.33252571333
1.003,-4079.25419423572
1.004,-4074.18642128067
1.005,-4069.1291824799
1.006,-4064.08245349797
1.007,-4059.04621003387
1.008,-4054.02042781956
1.009,-4049.00508262211
1.01,-4044.00015024275
1.011,-4039.00560651787
1.012,-4034.02142731836
1.013,-4029.04758855116
1.014,-4024.08406615972
1.015,-4019.13083612259
1.016,-4014.1878744541
1.017,-4009.25515720698
1.018,-4004.33266046997
1.019,-3999.42036036871
1.02,-3994.51823306683
1.021,-3989.62625476506
1.022,-3984.74440170296
1.023,-3979.87265015801
1.024,-3975.01097644525
1.025,-3970.15935691906
1.026,-3965.31776797344
1.027,-3960.48618604025
1.028,-3955.66458759129
1.029,-3950.85294913757
1.03,-3946.05124723051
1.031,-3941.25945846147
1.032,-3936.47755946042
1.033,-3931.70552689959
1.034,-3926.94333749103
1.035,-3922.19096798715
1.036,-3917.44839518181
1.037,-3912.71559590965
1.038,-3907.99254704633
1.039,-3903.27922550929
1.04,-3898.57560825759
1.041,-3893.88167229218
1.042,-3889.19739465453
1.043,-3884.52275242993
1.044,-3879.85772274476
1.045,-3875.20228276831
1.046,-3870.5564097116
1.047,-3865.92008082907
1.048,-3861.29327341722
1.049,-3856.67596481506
1.05,-3852.06813240657
1.051,-3847.46975361608
1.052,-3842.88080591282
1.053,-3838.30126680842
1.054,-3833.73111385953
1.055,-3829.17032466395
1.056,-3824.6188768649
1.057,-3820.0767481486
1.058,-3815.54391624529
1.059,-3811.02035892867
1.06,-3806.50605401761
1.061,-3802.00097937336
1.062,-3797.50511290267
1.063,-3793.01843255582
1.064,-3788.5409163281
1.065,-3784.07254225815
1.066,-3779.61328842998
1.067,-3775.16313297185
1.068,-3770.72205405623
1.069,-3766.29002990069
1.07,-3761.86703876751
1.071,-3757.45305896323
1.072,-3753.04806884033
1.073,-3748.65204679503
1.074,-3744.26497126836
1.075,-3739.88682074726
1.076,-3735.51757376379
1.077,-3731.15720889361
1.078,-3726.80570475894
1.079,-3722.46304002587
1.08,-3718.12919340715
1.081,-3713.80414365992
1.082,-3709.48786958583
1.083,-3705.18035003344
1.084,-3700.8815638952
1.085,-3696.59149010928
1.086,-3692.31010765923
1.087,-3688.03739557432
1.088,-3683.77333292837
1.089,-3679.51789884126
1.09,-3675.27107247772
1.091,-3671.03283304893
1.092,-3666.80315981037
1.093,-3662.58203206307
1.094,-3658.3694291538
1.095,-3654.16533047493
1.096,-3649.96971546437
1.097,-3645.78256360443
1.098,-3641.60385442343
1.099,-3637.4335674967
1.1,-3633.27168244213
1.101,-3629.11817892477
1.102,-3624.97303665471
1.103,-3620.83623538831
1.104,-3616.7077549255
1.105,-3612.58757511338
1.106,-3608.47567584304
1.107,-3604.37203705198
1.108,-3600.27663872225
1.109,-3596.18946088219
1.11,-3592.11048360386
1.111,-3588.03968700599
1.112,-3583.97705125276
1.113,-3579.92255655156
1.114,-3575.87618315776
1.115,-3571.83791136977
1.116,-3567.80772153178
1.117,-3563.7855940337
1.118,-3559.77150930989
1.119,-3555.76544783955
1.12,-3551.76739014775
1.121,-3547.77731680379
1.122,-3543.79520842262
1.123,-3539.82104566334
1.124,-3535.85480923037
1.125,-3531.8964798732
1.126,-3527.94603838564
1.127,-3524.00346560645
1.128,-3520.06874241907
1.129,-3516.14184975191
1.13,-3512.22276857814
1.131,-3508.31147991431
1.132,-3504.40796482307
1.133,-3500.512204411
1.134,-3496.6241798287
1.135,-3492.74387227183
1.136,-3488.87126297992
1.137,-3485.00633323681
1.138,-3481.1490643715
1.139,-3477.29943775584
1.14,-3473.45743480686
1.141,-3469.62303698506
1.142,-3465.79622579568
1.143,-3461.97698278717
1.144,-3458.16528955218
1.145,-3454.36112772771
1.146,-3450.5644789941
1.147,-3446.77532507575
1.148,-3442.99364774024
1.149,-3439.21942879936
1.15,-3435.45265010815
1.151,-3431.69329356583
1.152,-3427.94134111395
1.153,-3424.19677473812
1.154,-3420.45957646762
1.155,-3416.72972837476
1.156,-3413.00721257461
1.157,-3409.2920112259
1.158,-3405.58410653017
1.159,-3401.88348073265
1.16,-3398.19011612061
1.161,-3394.50399502423
1.162,-3390.82509981734
1.163,-3387.1534129158
1.164,-3383.48891677906
1.165,-3379.83159390763
1.166,-3376.18142684606
1.167,-3372.53839818067
1.168,-3368.90249054023
1.169,-3365.2736865964
1.17,-3361.65196906178
1.171,-3358.03732069303
1.172,-3354.4297242877
1.173,-3350.82916268508
1.174,-3347.23561876739
1.175,-3343.64907545846
1.176,-3340.069515724
1.177,-3336.49692257102
1.178,-3332.93127904873
1.179,-3329.37256824779
1.18,-3325.8207733
1.181,-3322.27587737975
1.182,-3318.73786370149
1.183,-3315.20671552179
1.184,-3311.682416138
1.185,-3308.16494888927
1.186,-3304.65429715488
1.187,-3301.15044435618
1.188,-3297.65337395462
1.189,-3294.16306945273
1.19,-3290.6795143943
1.191,-3287.20269236292
1.192,-3283.73258698319
1.193,-3280.26918192115
1.194,-3276.81246088165
1.195,-3273.36240761116
1.196,-3269.9190058956
1.197,-3266.48223956213
1.198,-3263.05209247692
1.199,-3259.62854854702
1.2,-3256.21159171935
1.201,-3252.80120598003
1.202,-3249.39737535607
1.203,-3246.00008391334
1.204,-3242.60931575773
1.205,-3239.22505503485
1.206,-3235.84728592959
1.207,-3232.47599266635
1.208,-3229.11115950852
1.209,-3225.75277075938
1.21,-3222.40081076033
1.211,-3219.05526389364
1.212,-3215.71611457889
1.213,-3212.38334727508
1.214,-3209.05694648004
1.215,-3205.73689673138
1.216,-3202.42318260329
1.217,-3199.11578871039
1.218,-3195.81469970511
1.219,-3192.51990027826
1.22,-3189.23137515909
1.221,-3185.94910911533
1.222,-3182.67308695219
1.223,-3179.4032935138
1.224,-3176.13971368196
1.225,-3172.88233237618
1.226,-3169.63113455424
1.227,-3166.38610521131
1.228,-3163.14722938042
1.229,-3159.91449213219
1.23,-3156.6878785748
1.231,-3153.4673738534
1.232,-3150.25296315144
1.233,-3147.04463168871
1.234,-3143.84236472252
1.235,-3140.64614754709
1.236,-3137.4559654944
1.237,-3134.27180393227
1.238,-3131.09364826575
1.239,-3127.92148393725
1.24,-3124.75529642534
1.241,-3121.59507124481
1.242,-3118.44079394772
1.243,-3115.29245012188
1.244,-3112.15002539209
1.245,-3109.01350541886
1.246,-3105.88287589919
1.247,-3102.75812256591
1.248,-3099.63923118794
1.249,-3096.52618757032
1.25,-3093.41897755394
1.251,-3090.31758701504
1.252,-3087.22200186571
1.253,-3084.1322080539
1.254,-3081.04819156276
1.255,-3077.96993841095
1.256,-3074.89743465269
1.257,-3071.83066637683
1.258,-3068.76961970808
1.259,-3065.71428080587
1.26,-3062.66463586475
1.261,-3059.62067111406
1.262,-3056.58237281819
1.263,-3053.549727276
1.264,-3050.52272082137
1.265,-3047.50133982252
1.266,-3044.48557068222
1.267,-3041.47539983769
1.268,-3038.47081376058
1.269,-3035.47179895644
1.27,-3032.4783419656
1.271,-3029.49042936192
1.272,-3026.50804775352
1.273,-3023.53118378262
1.274,-3020.5598241249
1.275,-3017.59395549006
1.276,-3014.63356462118
1.277,-3011.67863829565
1.278,-3008.72916332348
1.279,-3005.78512654901
1.28,-3002.84651484891
1.281,-2999.91331513414
1.282,-2996.98551434819
1.283,-2994.06309946786
1.284,-2991.14605750332
1.285,-2988.23437549681
1.286,-2985.32804052465
1.287,-2982.42703969482
1.288,-2979.53136014875
1.289,-2976.64098906015
1.29,-2973.75591363525
1.291,-2970.87612111296
1.292,-2968.00159876448
1.293,-2965.13233389355
1.294,-2962.2683138356
1.295,-2959.40952595839
1.296,-2956.5559576624
1.297,-2953.70759637914
1.298,-2950.86442957263
1.299,-2948.02644473852
1.3,-2945.1936294041
1.301,-2942.36597112879
1.302,-2939.54345750284
1.303,-2936.72607614897
1.304,-2933.91381472052
1.305,-2931.10666090254
1.306,-2928.30460241131
1.307,-2925.50762699427
1.308,-2922.71572243023
1.309,-2919.92887652845
1.31,-2917.14707713008
1.311,-2914.37031210601
1.312,-2911.59856935903
1.313,-2908.83183682215
1.314,-2906.07010245859
1.315,-2903.31335426329
1.316,-2900.56158026066
1.317,-2897.81476850595
1.318,-2895.07290708497
1.319,-2892.33598411316
1.32,-2889.60398773691
1.321,-2886.87690613211
1.322,-2884.15472750521
1.323,-2881.43744009212
1.324,-2878.72503215917
1.325,-2876.01749200204
1.326,-2873.31480794631
1.327,-2870.61696834743
1.328,-2867.92396159027
1.329,-2865.23577608909
1.33,-2862.55240028789
1.331,-2859.87382265967
1.332,-2857.20003170718
1.333,-2854.53101596198
1.334,-2851.8667639849
1.335,-2849.20726436588
1.336,-2846.55250572385
1.337,-2843.90247670704
1.338,-2841.25716599152
1.339,-2838.61656228312
1.34,-2835.98065431605
1.341,-2833.34943085273
1.342,-2830.72288068493
1.343,-2828.10099263261
1.344,-2825.48375554354
1.345,-2822.87115829469
1.346,-2820.26318979075
1.347,-2817.65983896489
1.348,-2815.06109477831
1.349,-2812.46694622002
1.35,-2809.87738230752
1.351,-2807.29239208563
1.352,-2804.71196462758
1.353,-2802.13608903394
1.354,-2799.56475443332
1.355,-2796.99794998134
1.356,-2794.4356648621
1.357,-2791.87788828642
1.358,-2789.32460949264
1.359,-2786.77581774694
1.36,-2784.23150234226
1.361,-2781.69165259896
1.362,-2779.1562578644
1.363,-2776.62530751325
1.364,-2774.0987909467
1.365,-2771.57669759354
1.366,-2769.05901690869
1.367,-2766.54573837481
1.368,-2764.0368515001
1.369,-2761.53234582021
1.37,-2759.03221089722
1.371,-2756.5364363197
1.372,-2754.04501170263
1.373,-2751.55792668732
1.374,-2749.07517094144
1.375,-2746.59673415898
1.376,-2744.12260606001
1.377,-2741.65277639077
1.378,-2739.18723492374
1.379,-2736.72597145677
1.38,-2734.26897581426
1.381,-2731.81623784602
1.382,-2729.36774742816
1.383,-2726.92349446184
1.384,-2724.48346887427
1.385,-2722.0476606183
1.386,-2719.61605967192
1.387,-2717.18865603909
1.388,-2714.7654397486
1.389,-2712.34640085492
1.39,-2709.93152943777
1.391,-2707.52081560195
1.392,-2705.11424947735
1.393,-2702.71182121912
1.394,-2700.31352100701
1.395,-2697.91933904634
1.396,-2695.52926556657
1.397,-2693.14329082254
1.398,-2690.76140509342
1.399,-2688.38359868331
1.4,-2686.00986192104
1.401,-2683.64018515965
1.402,-2681.27455877679
1.403,-2678.91297317488
1.404,-2676.55541878017
1.405,-2674.20188604338
1.406,-2671.85236543962
1.407,-2669.50684746829
1.408,-2667.1653226525
1.409,-2664.82778153974
1.41,-2662.49421470135
1.411,-2660.16461273285
1.412,-2657.83896625293
1.413,-2655.51726590505
1.414,-2653.19950235586
1.415,-2650.88566629562
1.416,-2648.57574843857
1.417,-2646.26973952233
1.418,-2643.96763030773
1.419,-2641.66941157985
1.42,-2639.37507414648
1.421,-2637.08460883872
1.422,-2634.79800651156
1.423,-2632.51525804226
1.424,-2630.23635433208
1.425,-2627.96128630527
1.426,-2625.6900449083
1.427,-2623.42262111177
1.428,-2621.1590059083
1.429,-2618.89919031391
1.43,-2616.64316536711
1.431,-2614.39092212924
1.432,-2612.14245168435
1.433,-2609.8977451391
1.434,-2607.65679362279
1.435,-2605.41958828717
1.436,-2603.1861203064
1.437,-2600.95638087711
1.438,-2598.73036121816
1.439,-2596.50805257076
1.44,-2594.28944619846
1.441,-2592.07453338696
1.442,-2589.8633054438
1.443,-2587.65575369884
1.444,-2585.45186950396
1.445,-2583.25164423294
1.446,-2581.05506928128
1.447,-2578.86213606663
1.448,-2576.67283602802
1.449,-2574.48716062668
1.45,-2572.30510134496
1.451,-2570.12664968751
1.452,-2567.95179717989
1.453,-2565.78053536947
1.454,-2563.61285582512
1.455,-2561.44875013716
1.456,-2559.28820991684
1.457,-2557.13122679717
1.458,-2554.97779243224
1.459,-2552.8278984972
1.46,-2550.68153668844
1.461,-2548.53869872358
1.462,-2546.39937634085
1.463,-2544.26356129994
1.464,-2542.1312453811
1.465,-2540.0024203855
1.466,-2537.87707813546
1.467,-2535.75521047355
1.468,-2533.63680926333
1.469,-2531.52186638899
1.47,-2529.41037375549
1.471,-2527.30232328799
1.472,-2525.19770693241
1.473,-2523.09651665496
1.474,-2520.99874444239
1.475,-2518.90438230178
1.476,-2516.8134222604
1.477,-2514.7258563659
1.478,-2512.641676686
1.479,-2510.56087530878
1.48,-2508.48344434208
1.481,-2506.40937591399
1.482,-2504.33866217267
1.483,-2502.27129528623
1.484,-2500.20726744221
1.485,-2498.14657084872
1.486,-2496.0891977331
1.487,-2494.03514034287
1.488,-2491.98439094477
1.489,-2489.93694182554
1.49,-2487.89278529145
1.491,-2485.85191366834
1.492,-2483.81431930139
1.493,-2481.77999455545
1.494,-2479.74893181455
1.495,-2477.72112348238
1.496,-2475.69656198165
1.497,-2473.67523975455
1.498,-2471.65714926207
1.499,-2469.64228298517
1.5,-2467.63063342308
1.501,-2465.62219309446
1.502,-2463.61695453725
1.503,-2461.61491030782
1.504,-2459.61605298203
1.505,-2457.62037515422
1.506,-2455.62786943764
1.507,-2453.63852846436
1.508,-2451.65234488549
1.509,-2449.66931137029
1.51,-2447.68942060714
1.511,-2445.71266530278
1.512,-2443.73903818253
1.513,-2441.7685319903
1.514,-2439.80113948855
1.515,-2437.836853458
1.516,-2435.87566669783
1.517,-2433.91757202535
1.518,-2431.96256227641
1.519,-2430.01063030509
1.52,-2428.06176898363
1.521,-2426.11597120229
1.522,-2424.17322986972
1.523,-2422.23353791239
1.524,-2420.29688827477
1.525,-2418.36327391962
1.526,-2416.43268782706
1.527,-2414.50512299584
1.528,-2412.58057244192
1.529,-2410.65902919957
1.53,-2408.7404863203
1.531,-2406.82493687386
1.532,-2404.91237394717
1.533,-2403.00279064514
1.534,-2401.09618009019
1.535,-2399.19253542223
1.536,-2397.29184979855
1.537,-2395.39411639413
1.538,-2393.49932840138
1.539,-2391.60747902994
1.54,-2389.71856150673
1.541,-2387.83256907611
1.542,-2385.94949499953
1.543,-2384.06933255583
1.544,-2382.1920750409
1.545,-2380.31771576793
1.546,-2378.44624806678
1.547,-2376.5776652848
1.548,-2374.71196078612
1.549,-2372.84912795182
1.55,-2370.98916017997
1.551,-2369.13205088553
1.552,-2367.2777935001
1.553,-2365.42638147243
1.554,-2363.57780826768
1.555,-2361.73206736794
1.556,-2359.88915227195
1.557,-2358.04905649482
1.558,-2356.21177356869
1.559,-2354.37729704199
1.56,-2352.54562047963
1.561,-2350.71673746322
1.562,-2348.89064159057
1.563,-2347.06732647599
1.564,-2345.2467857501
1.565,-2343.42901306003
1.566,-2341.61400206883
1.567,-2339.80174645616
1.568,-2337.99223991762
1.569,-2336.18547616516
1.57,-2334.38144892673
1.571,-2332.58015194631
1.572,-2330.78157898424
1.573,-2328.98572381638
1.574,-2327.19258023507
1.575,-2325.4021420482
1.576,-2323.61440307969
1.577,-2321.82935716955
1.578,-2320.04699817312
1.579,-2318.26731996195
1.58,-2316.49031642313
1.581,-2314.71598145944
1.582,-2312.94430898968
1.583,-2311.17529294765
1.584,-2309.40892728328
1.585,-2307.64520596183
1.586,-2305.88412296424
1.587,-2304.12567228665
1.588,-2302.36984794102
1.589,-2300.61664395434
1.59,-2298.8660543693
1.591,-2297.1180732438
1.592,-2295.37269465106
1.593,-2293.6299126795
1.594,-2291.88972143288
1.595,-2290.15211503
1.596,-2288.41708760507
1.597,-2286.68463330723
1.598,-2284.95474630083
1.599,-2283.22742076504
1.6,-2281.50265089437
1.601,-2279.78043089812
1.602,-2278.06075500054
1.603,-2276.34361744099
1.604,-2274.62901247347
1.605,-2272.91693436685
1.606,-2271.20737740494
1.607,-2269.5003358863
1.608,-2267.7958041242
1.609,-2266.09377644659
1.61,-2264.394247196
1.611,-2262.69721072993
1.612,-2261.00266142005
1.613,-2259.31059365297
1.614,-2257.62100182964
1.615,-2255.93388036553
1.616,-2254.24922369069
1.617,-2252.56702624947
1.618,-2250.88728250071
1.619,-2249.20998691751
1.62,-2247.53513398744
1.621,-2245.86271821235
1.622,-2244.19273410823
1.623,-2242.52517620554
1.624,-2240.86003904871
1.625,-2239.1973171964
1.626,-2237.53700522148
1.627,-2235.87909771108
1.628,-2234.22358926593
1.629,-2232.57047450117
1.63,-2230.91974804598
1.631,-2229.27140454331
1.632,-2227.62543865005
1.633,-2225.98184503726
1.634,-2224.34061838967
1.635,-2222.70175340592
1.636,-2221.06524479832
1.637,-2219.43108729325
1.638,-2217.79927563063
1.639,-2216.1698045641
1.64,-2214.54266886119
1.641,-2212.91786330276
1.642,-2211.29538268383
1.643,-2209.67522181221
1.644,-2208.05737551012
1.645,-2206.44183861272
1.646,-2204.82860596896
1.647,-2203.21767244118
1.648,-2201.60903290528
1.649,-2200.00268225023
1.65,-2198.39861537883
1.651,-2196.79682720691
1.652,-2195.19731266375
1.653,-2193.60006669195
1.654,-2192.00508424727
1.655,-2190.41236029869
1.656,-2188.82188982857
1.657,-2187.23366783219
1.658,-2185.64768931813
1.659,-2184.06394930814
1.66,-2182.48244283692
1.661,-2180.90316495221
1.662,-2179.32611071484
1.663,-2177.75127519863
1.664,-2176.17865349027
1.665,-2174.60824068952
1.666,-2173.04003190898
1.667,-2171.47402227414
1.668,-2169.91020692329
1.669,-2168.34858100761
1.67,-2166.78913969103
1.671,-2165.23187815019
1.672,-2163.67679157454
1.673,-2162.12387516622
1.674,-2160.57312413997
1.675,-2159.02453372332
1.676,-2157.47809915625
1.677,-2155.93381569143
1.678,-2154.391678594
1.679,-2152.85168314191
1.68,-2151.31382462514
1.681,-2149.77809834662
1.682,-2148.24449962139
1.683,-2146.71302377706
1.684,-2145.18366615372
1.685,-2143.65642210351
1.686,-2142.13128699134
1.687,-2140.60825619407
1.688,-2139.08732510096
1.689,-2137.56848911363
1.69,-2136.05174364576
1.691,-2134.53708412336
1.692,-2133.02450598462
1.693,-2131.51400467967
1.694,-2130.00557567099
1.695,-2128.49921443301
1.696,-2126.99491645248
1.697,-2125.49267722781
1.698,-2123.99249226952
1.699,-2122.49435710053
1.7,-2120.99826725506
1.701,-2119.50421827984
1.702,-2118.01220573307
1.703,-2116.52222518511
1.704,-2115.03427221813
1.705,-2113.54834242592
1.706,-2112.06443141443
1.707,-2110.58253480104
1.708,-2109.10264821508
1.709,-2107.62476729753
1.71,-2106.14888770108
1.711,-2104.67500509012
1.712,-2103.20311514062
1.713,-2101.73321354025
1.714,-2100.26529598811
1.715,-2098.7993581951
1.716,-2097.33539588366
1.717,-2095.87340478747
1.718,-2094.41338065188
1.719,-2092.95531923374
1.72,-2091.49921630145
1.721,-2090.04506763437
1.722,-2088.59286902383
1.723,-2087.14261627215
1.724,-2085.69430519314
1.725,-2084.24793161176
1.726,-2082.8034913645
1.727,-2081.36098029903
1.728,-2079.92039427417
1.729,-2078.48172916006
1.73,-2077.04498083799
1.731,-2075.61014520045
1.732,-2074.17721815101
1.733,-2072.74619560448
1.734,-2071.31707348651
1.735,-2069.88984773427
1.736,-2068.46451429553
1.737,-2067.04106912926
1.738,-2065.61950820548
1.739,-2064.19982750514
1.74,-2062.78202302007
1.741,-2061.36609075312
1.742,-2059.95202671808
1.743,-2058.53982693963
1.744,-2057.12948745297
1.745,-2055.72100430464
1.746,-2054.31437355163
1.747,-2052.90959126181
1.748,-2051.50665351403
1.749,-2050.10555639744
1.75,-2048.70629601226
1.751,-2047.30886846926
1.752,-2045.91326988995
1.753,-2044.51949640643
1.754,-2043.12754416137
1.755,-2041.73740930822
1.756,-2040.34908801069
1.757,-2038.96257644361
1.758,-2037.57787079165
1.759,-2036.19496725045
1.76,-2034.81386202601
1.761,-2033.43455133468
1.762,-2032.05703140347
1.763,-2030.68129846967
1.764,-2029.30734878091
1.765,-2027.93517859531
1.766,-2026.56478418136
1.767,-2025.19616181773
1.768,-2023.82930779348
1.769,-2022.46421840798
1.77,-2021.10088997091
1.771,-2019.73931880197
1.772,-2018.37950123133
1.773,-2017.02143359918
1.774,-2015.66511225599
1.775,-2014.31053356229
1.776,-2012.95769388882
1.777,-2011.60658961639
1.778,-2010.25721713581
1.779,-2008.90957284819
1.78,-2007.56365316437
1.781,-2006.21945450551
1.782,-2004.87697330255
1.783,-2003.53620599648
1.784,-2002.1971490383
1.785,-2000.85979888883
1.786,-1999.52415201896
1.787,-1998.19020490925
1.788,-1996.85795405036
1.789,-1995.52739594269
1.79,-1994.19852709647
1.791,-1992.87134403162
1.792,-1991.54584327813
1.793,-1990.22202137548
1.794,-1988.89987487303
1.795,-1987.57940032986
1.796,-1986.26059431472
1.797,-1984.94345340609
1.798,-1983.62797419194
1.799,-1982.31415327011
1.8,-1981.00198724787
1.801,-1979.69147274226
1.802,-1978.38260637983
1.803,-1977.07538479652
1.804,-1975.76980463806
1.805,-1974.46586255952
1.806,-1973.16355522567
1.807,-1971.86287931048
1.808,-1970.56383149745
1.809,-1969.2664084798
1.81,-1967.97060695976
1.811,-1966.67642364916
1.812,-1965.38385526922
1.813,-1964.09289855047
1.814,-1962.80355023272
1.815,-1961.51580706522
1.816,-1960.22966580631
1.817,-1958.94512322387
1.818,-1957.66217609484
1.819,-1956.38082120549
1.82,-1955.10105535116
1.821,-1953.82287533657
1.822,-1952.54627797552
1.823,-1951.27126009101
1.824,-1949.9978185151
1.825,-1948.72595008898
1.826,-1947.45565166308
1.827,-1946.18692009664
1.828,-1944.91975225828
1.829,-1943.65414502529
1.83,-1942.39009528433
1.831,-1941.12759993081
1.832,-1939.86665586928
1.833,-1938.60726001323
1.834,-1937.34940928491
1.835,-1936.09310061568
1.836,-1934.83833094579
1.837,-1933.58509722438
1.838,-1932.33339640925
1.839,-1931.08322546737
1.84,-1929.83458137427
1.841,-1928.58746111443
1.842,-1927.34186168108
1.843,-1926.09778007624
1.844,-1924.85521331064
1.845,-1923.6141584038
1.846,-1922.37461238385
1.847,-1921.13657228776
1.848,-1919.90003516107
1.849,-1918.66499805797
1.85,-1917.43145804145
1.851,-1916.19941218282
1.852,-1914.96885756237
1.853,-1913.73979126865
1.854,-1912.51221039894
1.855,-1911.28611205906
1.856,-1910.06149336326
1.857,-1908.83835143449
1.858,-1907.61668340389
1.859,-1906.39648641144
1.86,-1905.17775760534
1.861,-1903.96049414223
1.862,-1902.74469318719
1.863,-1901.53035191384
1.864,-1900.31746750405
1.865,-1899.10603714804
1.866,-1897.89605804442
1.867,-1896.68752740021
1.868,-1895.4804424305
1.869,-1894.27480035901
1.87,-1893.07059841746
1.871,-1891.86783384591
1.872,-1890.66650389279
1.873,-1889.46660581449
1.874,-1888.2681368759
1.875,-1887.0710943499
1.876,-1885.87547551749
1.877,-1884.68127766804
1.878,-1883.48849809897
1.879,-1882.29713411566
1.88,-1881.10718303182
1.881,-1879.91864216907
1.882,-1878.73150885721
1.883,-1877.54578043402
1.884,-1876.36145424534
1.885,-1875.17852764494
1.886,-1873.99699799477
1.887,-1872.81686266451
1.888,-1871.63811903211
1.889,-1870.4607644831
1.89,-1869.28479641125
1.891,-1868.11021221807
1.892,-1866.93700931296
1.893,-1865.76518511331
1.894,-1864.59473704423
1.895,-1863.42566253879
1.896,-1862.25795903785
1.897,-1861.09162398993
1.898,-1859.92665485162
1.899,-1858.76304908707
1.9,-1857.60080416821
1.901,-1856.43991757477
1.902,-1855.28038679419
1.903,-1854.1222093216
1.904,-1852.96538265975
1.905,-1851.80990431929
1.906,-1850.65577181825
1.907,-1849.50298268236
1.908,-1848.35153444519
1.909,-1847.20142464769
1.91,-1846.05265083841
1.911,-1844.90521057355
1.912,-1843.75910141688
1.913,-1842.61432093969
1.914,-1841.47086672066
1.915,-1840.32873634619
1.916,-1839.18792741006
1.917,-1838.04843751351
1.918,-1836.91026426527
1.919,-1835.77340528148
1.92,-1834.63785818577
1.921,-1833.50362060915
1.922,-1832.37069018994
1.923,-1831.23906457397
1.924,-1830.10874141429
1.925,-1828.97971837143
1.926,-1827.85199311319
1.927,-1826.72556331467
1.928,-1825.6004266582
1.929,-1824.47658083353
1.93,-1823.35402353761
1.931,-1822.23275247462
1.932,-1821.112765356
1.933,-1819.99405990036
1.934,-1818.87663383351
1.935,-1817.76048488859
1.936,-1816.64561080568
1.937,-1815.53200933217
1.938,-1814.41967822248
1.939,-1813.30861523829
1.94,-1812.19881814822
1.941,-1811.09028472817
1.942,-1809.98301276097
1.943,-1808.87700003646
1.944,-1807.77224435167
1.945,-1806.66874351058
1.946,-1805.56649532427
1.947,-1804.46549761059
1.948,-1803.36574819461
1.949,-1802.26724490824
1.95,-1801.16998559043
1.951,-1800.0739680869
1.952,-1798.97919025048
1.953,-1797.88564994077
1.954,-1796.79334502428
1.955,-1795.70227337443
1.956,-1794.61243287151
1.957,-1793.52382140255
1.958,-1792.43643686153
1.959,-1791.35027714914
1.96,-1790.26534017291
1.961,-1789.18162384717
1.962,-1788.09912609296
1.963,-1787.01784483809
1.964,-1785.93777801717
1.965,-1784.85892357143
1.966,-1783.78127944882
1.967,-1782.70484360405
1.968,-1781.62961399843
1.969,-1780.55558859996
1.97,-1779.48276538329
1.971,-1778.41114232962
1.972,-1777.34071742697
1.973,-1776.27148866966
1.974,-1775.20345405885
1.975,-1774.13661160213
1.976,-1773.07095931369
1.977,-1772.00649521423
1.978,-1770.94321733101
1.979,-1769.88112369783
1.98,-1768.82021235487
1.981,-1767.76048134889
1.982,-1766.70192873308
1.983,-1765.64455256704
1.984,-1764.58835091693
1.985,-1763.53332185514
1.986,-1762.47946346069
1.987,-1761.42677381873
1.988,-1760.37525102105
1.989,-1759.32489316564
1.99,-1758.27569835689
1.991,-1757.22766470546
1.992,-1756.18079032841
1.993,-1755.13507334909
1.994,-1754.09051189713
1.995,-1753.04710410838
1.996,-1752.00484812498
1.997,-1750.96374209537
1.998,-1749.92378417417
1.999,-1748.88497252223
2,-1747.84730530653
2.001,-1746.81078070047
2.002,-1745.77539688325
2.003,-1744.74115204065
2.004,-1743.70804436417
2.005,-1742.67607205183
2.006,-1741.64523330752
2.007,-1740.61552634125
2.008,-1739.58694936924
2.009,-1738.55950061367
2.01,-1737.53317830281
2.011,-1736.50798067107
2.012,-1735.48390595874
2.013,-1734.46095241216
2.014,-1733.43911828377
2.015,-1732.41840183188
2.016,-1731.39880132088
2.017,-1730.380315021
2.018,-1729.36294120855
2.019,-1728.34667816566
2.02,-1727.33152418045
2.021,-1726.31747754685
2.022,-1725.30453656485
2.023,-1724.29269954014
2.024,-1723.28196478435
2.025,-1722.27233061497
2.026,-1721.2637953553
2.027,-1720.25635733449
2.028,-1719.25001488744
2.029,-1718.2447663549
2.03,-1717.24061008337
2.031,-1716.23754442508
2.032,-1715.23556773804
2.033,-1714.2346783861
2.034,-1713.23487473869
2.035,-1712.23615517098
2.036,-1711.23851806386
2.037,-1710.24196180394
2.038,-1709.24648478336
2.039,-1708.25208540016
2.04,-1707.25876205773
2.041,-1706.26651316535
2.042,-1705.27533713771
2.043,-1704.28523239519
2.044,-1703.29619736382
2.045,-1702.30823047502
2.046,-1701.32133016601
2.047,-1700.33549487935
2.048,-1699.35072306322
2.049,-1698.36701317134
2.05,-1697.38436366286
2.051,-1696.40277300252
2.052,-1695.42223966044
2.053,-1694.4427621123
2.054,-1693.46433883917
2.055,-1692.48696832756
2.056,-1691.51064906939
2.057,-1690.53537956203
2.058,-1689.56115830832
2.059,-1688.58798381629
2.06,-1687.61585459947
2.061,-1686.64476917674
2.062,-1685.6747260724
2.063,-1684.70572381584
2.064,-1683.73776094207
2.065,-1682.77083599119
2.066,-1681.80494750861
2.067,-1680.84009404517
2.068,-1679.87627415678
2.069,-1678.91348640479
2.07,-1677.95172935563
2.071,-1676.99100158103
2.072,-1676.03130165789
2.073,-1675.07262816843
2.074,-1674.11497969995
2.075,-1673.15835484482
2.076,-1672.20275220087
2.077,-1671.24817037078
2.078,-1670.29460796251
2.079,-1669.34206358907
2.08,-1668.39053586872
2.081,-1667.44002342466
2.082,-1666.49052488521
2.083,-1665.54203888386
2.084,-1664.59456405893
2.085,-1663.64809905403
2.086,-1662.70264251769
2.087,-1661.75819310345
2.088,-1660.81474946982
2.089,-1659.87231028045
2.09,-1658.93087420375
2.091,-1657.99043991333
2.092,-1657.05100608757
2.093,-1656.1125714098
2.094,-1655.17513456844
2.095,-1654.23869425667
2.096,-1653.30324917264
2.097,-1652.3687980193
2.098,-1651.43533950459
2.099,-1650.5028723413
2.1,-1649.57139524698
2.101,-1648.64090694411
2.102,-1647.71140615993
2.103,-1646.78289162655
2.104,-1645.85536208084
2.105,-1644.92881626447
2.106,-1644.00325292389
2.107,-1643.0786708103
2.108,-1642.15506867962
2.109,-1641.23244529262
2.11,-1640.31079941468
2.111,-1639.39012981589
2.112,-1638.47043527107
2.113,-1637.5517145598
2.114,-1636.63396646625
2.115,-1635.71718977923
2.116,-1634.80138329228
2.117,-1633.88654580352
2.118,-1632.97267611564
2.119,-1632.05977303612
2.12,-1631.14783537684
2.121,-1630.23686195438
2.122,-1629.32685158989
2.123,-1628.41780310905
2.124,-1627.50971534207
2.125,-1626.60258712376
2.126,-1625.69641729342
2.127,-1624.79120469484
2.128,-1623.88694817635
2.129,-1622.98364659075
2.13,-1622.08129879528
2.131,-1621.17990365174
2.132,-1620.27946002629
2.133,-1619.37996678953
2.134,-1618.48142281657
2.135,-1617.58382698684
2.136,-1616.68717818422
2.137,-1615.79147529695
2.138,-1614.89671721772
2.139,-1614.00290284348
2.14,-1613.11003107564
2.141,-1612.21810081985
2.142,-1611.32711098612
2.143,-1610.4370604888
2.144,-1609.54794824659
2.145,-1608.65977318241
2.146,-1607.77253422343
2.147,-1606.88623030116
2.148,-1606.00086035138
2.149,-1605.116423314
2.15,-1604.23291813334
2.151,-1603.35034375778
2.152,-1602.46869913993
2.153,-1601.58798323672
2.154,-1600.7081950091
2.155,-1599.82933342233
2.156,-1598.95139744572
2.157,-1598.07438605283
2.158,-1597.19829822124
2.159,-1596.32313293278
2.16,-1595.44888917329
2.161,-1594.57556593275
2.162,-1593.70316220525
2.163,-1592.83167698894
2.164,-1591.96110928601
2.165,-1591.09145810272
2.166,-1590.22272244943
2.167,-1589.3549013404
2.168,-1588.487993794
2.169,-1587.62199883265
2.17,-1586.75691548262
2.171,-1585.89274277426
2.172,-1585.02947974196
2.173,-1584.16712542391
2.174,-1583.30567886229
2.175,-1582.44513910333
2.176,-1581.58550519708
2.177,-1580.72677619746
2.178,-1579.86895116239
2.179,-1579.01202915365
2.18,-1578.15600923694
2.181,-1577.30089048166
2.182,-1576.44667196124
2.183,-1575.5933527529
2.184,-1574.74093193767
2.185,-1573.88940860037
2.186,-1573.0387818297
2.187,-1572.18905071817
2.188,-1571.34021436196
2.189,-1570.49227186107
2.19,-1569.64522231936
2.191,-1568.79906484429
2.192,-1567.95379854714
2.193,-1567.10942254294
2.194,-1566.26593595042
2.195,-1565.42333789188
2.196,-1564.58162749355
2.197,-1563.74080388516
2.198,-1562.90086620016
2.199,-1562.06181357568
2.2,-1561.22364515253
2.201,-1560.38636007502
2.202,-1559.54995749118
2.203,-1558.71443655271
2.204,-1557.87979641484
2.205,-1557.0460362363
2.206,-1556.21315517957
2.207,-1555.38115241065
2.208,-1554.55002709899
2.209,-1553.71977841769
2.21,-1552.89040554338
2.211,-1552.06190765612
2.212,-1551.23428393967
2.213,-1550.40753358105
2.214,-1549.58165577094
2.215,-1548.75664970341
2.216,-1547.93251457607
2.217,-1547.10924958991
2.218,-1546.28685394942
2.219,-1545.46532686253
2.22,-1544.64466754047
2.221,-1543.82487519808
2.222,-1543.00594905345
2.223,-1542.18788832808
2.224,-1541.37069224684
2.225,-1540.55436003808
2.226,-1539.73889093336
2.227,-1538.92428416765
2.228,-1538.11053897926
2.229,-1537.29765460977
2.23,-1536.48563030416
2.231,-1535.67446531058
2.232,-1534.86415888061
2.233,-1534.05471026904
2.234,-1533.24611873391
2.235,-1532.43838353651
2.236,-1531.63150394149
2.237,-1530.82547921653
2.238,-1530.0203086327
2.239,-1529.21599146428
2.24,-1528.41252698861
2.241,-1527.60991448636
2.242,-1526.80815324131
2.243,-1526.00724254047
2.244,-1525.2071816739
2.245,-1524.40796993491
2.246,-1523.60960661993
2.247,-1522.8120910285
2.248,-1522.01542246321
2.249,-1521.21960022983
2.25,-1520.42462363722
2.251,-1519.63049199735
2.252,-1518.83720462514
2.253,-1518.0447608387
2.254,-1517.2531599591
2.255,-1516.46240131056
2.256,-1515.67248422021
2.257,-1514.88340801822
2.258,-1514.09517203782
2.259,-1513.30777561522
2.26,-1512.5212180896
2.261,-1511.73549880314
2.262,-1510.95061710092
2.263,-1510.16657233103
2.264,-1509.38336384449
2.265,-1508.60099099527
2.266,-1507.81945314027
2.267,-1507.03874963924
2.268,-1506.25887985489
2.269,-1505.47984315276
2.27,-1504.70163890136
2.271,-1503.92426647201
2.272,-1503.14772523889
2.273,-1502.37201457899
2.274,-1501.59713387231
2.275,-1500.82308250143
2.276,-1500.04985985194
2.277,-1499.27746531211
2.278,-1498.50589827309
2.279,-1497.73515812885
2.28,-1496.96524427602
2.281,-1496.19615611402
2.282,-1495.42789304511
2.283,-1494.66045447416
2.284,-1493.89383980895
2.285,-1493.12804845984
2.286,-1492.36307983994
2.287,-1491.5989333651
2.288,-1490.83560845381
2.289,-1490.07310452728
2.29,-1489.31142100938
2.291,-1488.55055732663
2.292,-1487.79051290826
2.293,-1487.031287186
2.294,-1486.27287959441
2.295,-1485.51528957051
2.296,-1484.75851655397
2.297,-1484.00255998713
2.298,-1483.2474193148
2.299,-1482.49309398454
2.3,-1481.73958344627
2.301,-1480.98688715266
2.302,-1480.23500455878
2.303,-1479.48393512237
2.304,-1478.73367830358
2.305,-1477.98423356518
2.306,-1477.23560037241
2.307,-1476.48777819294
2.308,-1475.74076649709
2.309,-1474.99456475745
2.31,-1474.24917244928
2.311,-1473.50458905018
2.312,-1472.76081404024
2.313,-1472.01784690196
2.314,-1471.2756871203
2.315,-1470.53433418264
2.316,-1469.79378757873
2.317,-1469.05404680077
2.318,-1468.31511134331
2.319,-1467.57698070329
2.32,-1466.83965438005
2.321,-1466.10313187523
2.322,-1465.36741269289
2.323,-1464.63249633931
2.324,-1463.8983823233
2.325,-1463.16507015579
2.326,-1462.43255935016
2.327,-1461.70084942198
2.328,-1460.96993988916
2.329,-1460.23983027193
2.33,-1459.51052009276
2.331,-1458.78200887632
2.332,-1458.05429614968
2.333,-1457.32738144198
2.334,-1456.60126428473
2.335,-1455.87594421151
2.336,-1455.1514207583
2.337,-1454.42769346314
2.338,-1453.70476186637
2.339,-1452.9826255104
2.34,-1452.26128393986
2.341,-1451.54073670157
2.342,-1450.82098334452
2.343,-1450.10202341978
2.344,-1449.38385648059
2.345,-1448.66648208232
2.346,-1447.94989978243
2.347,-1447.23410914056
2.348,-1446.51910971832
2.349,-1445.80490107955
2.35,-1445.09148279002
2.351,-1444.37885441768
2.352,-1443.66701553255
2.353,-1442.9559657066
2.354,-1442.24570451393
2.355,-1441.53623153059
2.356,-1440.82754633472
2.357,-1440.11964850644
2.358,-1439.41253762791
2.359,-1438.70621328315
2.36,-1438.00067505839
2.361,-1437.29592254163
2.362,-1436.59195532293
2.363,-1435.88877299426
2.364,-1435.18637514961
2.365,-1434.48476138483
2.366,-1433.78393129774
2.367,-1433.08388448799
2.368,-1432.38462055728
2.369,-1431.68613910912
2.37,-1430.98843974892
2.371,-1430.29152208401
2.372,-1429.5953857235
2.373,-1428.90003027847
2.374,-1428.20545536179
2.375,-1427.51166058812
2.376,-1426.81864557411
2.377,-1426.12640993809
2.378,-1425.43495330029
2.379,-1424.74427528267
2.38,-1424.05437550908
2.381,-1423.36525360507
2.382,-1422.67690919801
2.383,-1421.98934191708
2.384,-1421.30255139313
2.385,-1420.61653725885
2.386,-1419.93129914858
2.387,-1419.24683669851
2.388,-1418.56314954644
2.389,-1417.88023733193
2.39,-1417.1980996963
2.391,-1416.51673628246
2.392,-1415.83614673504
2.393,-1415.15633070046
2.394,-1414.4772878267
2.395,-1413.79901776337
2.396,-1413.12152016183
2.397,-1412.44479467499
2.398,-1411.76884095752
2.399,-1411.09365866555
2.4,-1410.41924745697
2.401,-1409.74560699121
2.402,-1409.07273692931
2.403,-1408.40063693386
2.404,-1407.7293066691
2.405,-1407.05874580079
2.406,-1406.38895399628
2.407,-1405.71993092444
2.408,-1405.05167625576
2.409,-1404.38418966216
2.41,-1403.71747081721
2.411,-1403.05151939582
2.412,-1402.38633507464
2.413,-1401.7219175316
2.414,-1401.05826644631
2.415,-1400.39538149971
2.416,-1399.7332623743
2.417,-1399.07190875406
2.418,-1398.41132032431
2.419,-1397.75149677198
2.42,-1397.09243778531
2.421,-1396.43414305403
2.422,-1395.77661226933
2.423,-1395.11984512372
2.424,-1394.46384131114
2.425,-1393.80860052701
2.426,-1393.15412246802
2.427,-1392.50040683233
2.428,-1391.84745331939
2.429,-1391.1952616301
2.43,-1390.54383146669
2.431,-1389.89316253265
2.432,-1389.24325453289
2.433,-1388.59410717361
2.434,-1387.94572016237
2.435,-1387.29809320805
2.436,-1386.65122602075
2.437,-1386.00511831191
2.438,-1385.35976979429
2.439,-1384.71518018185
2.44,-1384.07134918988
2.441,-1383.42827653493
2.442,-1382.78596193474
2.443,-1382.14440510829
2.444,-1381.50360577597
2.445,-1380.86356365917
2.446,-1380.2242784806
2.447,-1379.58574996415
2.448,-1378.94797783496
2.449,-1378.31096181933
2.45,-1377.67470164475
2.451,-1377.03919703985
2.452,-1376.40444773448
2.453,-1375.77045345963
2.454,-1375.13721394736
2.455,-1374.50472893106
2.456,-1373.87299814508
2.457,-1373.24202132495
2.458,-1372.61179820734
2.459,-1371.98232853002
2.46,-1371.35361203184
2.461,-1370.72564845275
2.462,-1370.0984375338
2.463,-1369.47197901711
2.464,-1368.84627264586
2.465,-1368.22131816429
2.466,-1367.5971153177
2.467,-1366.97366385239
2.468,-1366.35096351577
2.469,-1365.72901405626
2.47,-1365.10781522323
2.471,-1364.48736676716
2.472,-1363.86766843941
2.473,-1363.24871999247
2.474,-1362.63052117974
2.475,-1362.01307175559
2.476,-1361.39637147534
2.477,-1360.78042009543
2.478,-1360.16521737305
2.479,-1359.55076306643
2.48,-1358.93705693475
2.481,-1358.32409873808
2.482,-1357.71188823747
2.483,-1357.1004251948
2.484,-1356.48970937291
2.485,-1355.87974053552
2.486,-1355.27051844732
2.487,-1354.66204287373
2.488,-1354.05431358118
2.489,-1353.44733033689
2.49,-1352.84109290894
2.491,-1352.23560106635
2.492,-1351.63085457878
2.493,-1351.02685321698
2.494,-1350.4235967524
2.495,-1349.82108495725
2.496,-1349.21931760465
2.497,-1348.61829446843
2.498,-1348.01801532336
2.499,-1347.41847994488
2.5,-1346.81968810919
2.501,-1346.22163959338
2.502,-1345.62433417518
2.503,-1345.02777163315
2.504,-1344.43195174658
2.505,-1343.83687429553
2.506,-1343.24253906069
2.507,-1342.64894582361
2.508,-1342.05609436647
2.509,-1341.46398447217
2.51,-1340.87261592433
2.511,-1340.28198850729
2.512,-1339.69210200602
2.513,-1339.10295620619
2.514,-1338.51455089416
2.515,-1337.92688585695
2.516,-1337.33996088221
2.517,-1336.75377575821
2.518,-1336.16833027401
2.519,-1335.58362421912
2.52,-1334.99965738371
2.521,-1334.41642955869
2.522,-1333.8339405355
2.523,-1333.25219010612
2.524,-1332.67117806321
2.525,-1332.09090420004
2.526,-1331.51136831033
2.527,-1330.93257018852
2.528,-1330.35450962953
2.529,-1329.77718642884
2.53,-1329.20060038252
2.531,-1328.62475128714
2.532,-1328.04963893984
2.533,-1327.47526313829
2.534,-1326.90162368057
2.535,-1326.32872036546
2.536,-1325.75655299206
2.537,-1325.18512136012
2.538,-1324.61442526979
2.539,-1324.04446452173
2.54,-1323.47523891702
2.541,-1322.90674825735
2.542,-1322.33899234468
2.543,-1321.77197098158
2.544,-1321.20568397098
2.545,-1320.64013111626
2.546,-1320.07531222129
2.547,-1319.51122709026
2.548,-1318.94787552785
2.549,-1318.3852573391
2.55,-1317.82337232955
2.551,-1317.26222030499
2.552,-1316.7018010717
2.553,-1316.14211443633
2.554,-1315.58316020584
2.555,-1315.02493818761
2.556,-1314.46744818936
2.557,-1313.91069001916
2.558,-1313.35466348542
2.559,-1312.7993683969
2.56,-1312.24480456264
2.561,-1311.6909717921
2.562,-1311.13786989493
2.563,-1310.58549868119
2.564,-1310.03385796116
2.565,-1309.48294754545
2.566,-1308.93276724501
2.567,-1308.38331687093
2.568,-1307.83459623467
2.569,-1307.28660514799
2.57,-1306.73934342277
2.571,-1306.19281087126
2.572,-1305.64700730592
2.573,-1305.1019325394
2.574,-1304.5575863846
2.575,-1304.01396865471
2.576,-1303.471079163
2.577,-1302.92891772309
2.578,-1302.38748414866
2.579,-1301.84677825371
2.58,-1301.30679985231
2.581,-1300.76754875882
2.582,-1300.22902478767
2.583,-1299.6912277535
2.584,-1299.15415747112
2.585,-1298.61781375546
2.586,-1298.0821964216
2.587,-1297.54730528474
2.588,-1297.01314016028
2.589,-1296.47970086365
2.59,-1295.94698721043
2.591,-1295.41499901631
2.592,-1294.88373609708
2.593,-1294.35319826864
2.594,-1293.82338534696
2.595,-1293.29429714804
2.596,-1292.76593348804
2.597,-1292.23829418316
2.598,-1291.71137904961
2.599,-1291.18518790369
2.6,-1290.65972056175
2.601,-1290.13497684014
2.602,-1289.6109565553
2.603,-1289.08765952364
2.604,-1288.56508556161
2.605,-1288.04323448567
2.606,-1287.52210611229
2.607,-1287.00170025791
2.608,-1286.48201673897
2.609,-1285.96305537189
2.61,-1285.44481597313
2.611,-1284.927298359
2.612,-1284.41050234583
2.613,-1283.89442774993
2.614,-1283.37907438756
2.615,-1282.86444207484
2.616,-1282.35053062791
2.617,-1281.83733986282
2.618,-1281.3248695955
2.619,-1280.81311964184
2.62,-1280.30208981762
2.621,-1279.7917799385
2.622,-1279.28218982009
2.623,-1278.7733192778
2.624,-1278.26516812702
2.625,-1277.75773618291
2.626,-1277.25102326059
2.627,-1276.74502917496
2.628,-1276.23975374087
2.629,-1275.7351967729
2.63,-1275.23135808557
2.631,-1274.72823749313
2.632,-1274.22583480977
2.633,-1273.72414984942
2.634,-1273.22318242584
2.635,-1272.72293235263
2.636,-1272.22339944315
2.637,-1271.7245835105
2.638,-1271.22648436773
2.639,-1270.7291018275
2.64,-1270.23243570236
2.641,-1269.73648580451
2.642,-1269.24125194602
2.643,-1268.74673393864
2.644,-1268.2529315939
2.645,-1267.75984472308
2.646,-1267.26747313714
2.647,-1266.77581664685
2.648,-1266.28487506257
2.649,-1265.79464819451
2.65,-1265.3051358525
2.651,-1264.81633784608
2.652,-1264.32825398453
2.653,-1263.84088407677
2.654,-1263.3542279314
2.655,-1262.86828535669
2.656,-1262.38305616064
2.657,-1261.89854015082
2.658,-1261.4147371345
2.659,-1260.93164691855
2.66,-1260.44926930959
2.661,-1259.96760411375
2.662,-1259.48665113684
2.663,-1259.00641018431
2.664,-1258.52688106118
2.665,-1258.0480635721
2.666,-1257.56995752132
2.667,-1257.09256271267
2.668,-1256.61587894958
2.669,-1256.13990603507
2.67,-1255.66464377171
2.671,-1255.19009196166
2.672,-1254.71625040664
2.673,-1254.24311890787
2.674,-1253.7706972662
2.675,-1253.29898528198
2.676,-1252.82798275508
2.677,-1252.35768948495
2.678,-1251.8881052705
2.679,-1251.41922991021
2.68,-1250.95106320199
2.681,-1250.4836049434
2.682,-1250.01685493129
2.683,-1249.55081296221
2.684,-1249.08547883204
2.685,-1248.6208523362
2.686,-1248.15693326957
2.687,-1247.69372142651
2.688,-1247.23121660078
2.689,-1246.76941858568
2.69,-1246.30832717389
2.691,-1245.84794215752
2.692,-1245.38826332818
2.693,-1244.92929047684
2.694,-1244.47102339387
2.695,-1244.01346186914
2.696,-1243.55660569187
2.697,-1243.10045465066
2.698,-1242.64500853357
2.699,-1242.19026712794
2.7,-1241.73623022061
2.701,-1241.28289759769
2.702,-1240.83026904474
2.703,-1240.37834434667
2.704,-1239.92712328765
2.705,-1239.47660565132
2.706,-1239.02679122056
2.707,-1238.57767977767
2.708,-1238.1292711042
2.709,-1237.68156498114
2.71,-1237.23456118863
2.711,-1236.78825950629
2.712,-1236.3426597129
2.713,-1235.89776158662
2.714,-1235.45356490487
2.715,-1235.0100694444
2.716,-1234.56727498115
2.717,-1234.1251812904
2.718,-1233.68378814667
2.719,-1233.24309532376
2.72,-1232.80310259468
2.721,-1232.36380973172
2.722,-1231.92521650644
2.723,-1231.48732268952
2.724,-1231.05012805099
2.725,-1230.61363236005
2.726,-1230.17783538508
2.727,-1229.74273689376
2.728,-1229.30833665285
2.729,-1228.87463442839
2.73,-1228.44162998561
2.731,-1228.00932308886
2.732,-1227.57771350175
2.733,-1227.14680098694
2.734,-1226.71658530639
2.735,-1226.28706622116
2.736,-1225.8582434914
2.737,-1225.43011687648
2.738,-1225.00268613491
2.739,-1224.57595102428
2.74,-1224.14991130134
2.741,-1223.72456672195
2.742,-1223.2999170411
2.743,-1222.87596201283
2.744,-1222.45270139034
2.745,-1222.03013492593
2.746,-1221.60826237094
2.747,-1221.18708347575
2.748,-1220.76659799
2.749,-1220.34680566218
2.75,-1219.92770623995
2.751,-1219.50929947005
2.752,-1219.09158509819
2.753,-1218.67456286916
2.754,-1218.25823252687
2.755,-1217.84259381409
2.756,-1217.42764647271
2.757,-1217.0133902437
2.758,-1216.59982486692
2.759,-1216.18695008134
2.76,-1215.77476562483
2.761,-1215.36327123429
2.762,-1214.95246664569
2.763,-1214.54235159386
2.764,-1214.13292581267
2.765,-1213.7241890349
2.766,-1213.31614099236
2.767,-1212.9087814158
2.768,-1212.50211003491
2.769,-1212.09612657827
2.77,-1211.69083077351
2.771,-1211.28622234706
2.772,-1210.88230102438
2.773,-1210.4790665298
2.774,-1210.07651858654
2.775,-1209.67465691675
2.776,-1209.27348124152
2.777,-1208.87299128074
2.778,-1208.47318675329
2.779,-1208.07406737682
2.78,-1207.67563286793
2.781,-1207.27788294209
2.782,-1206.88081731358
2.783,-1206.48443569558
2.784,-1206.08873780011
2.785,-1205.69372333794
2.786,-1205.29939201887
2.787,-1204.90574355135
2.788,-1204.51277764274
2.789,-1204.1204939992
2.79,-1203.72889232565
2.791,-1203.33797232593
2.792,-1202.9477337026
2.793,-1202.55817615698
2.794,-1202.16929938926
2.795,-1201.78110309835
2.796,-1201.39358698192
2.797,-1201.00675073645
2.798,-1200.6205940572
2.799,-1200.23511663813
2.8,-1199.85031817194
2.801,-1199.46619835013
2.802,-1199.0827568629
2.803,-1198.6999933992
2.804,-1198.31790764665
2.805,-1197.93649929166
2.806,-1197.55576801929
2.807,-1197.17571351333
2.808,-1196.79633545626
2.809,-1196.4176335293
2.81,-1196.03960741224
2.811,-1195.66225678367
2.812,-1195.2855813208
2.813,-1194.9095806995
2.814,-1194.53425459431
2.815,-1194.15960267844
2.816,-1193.78562462368
2.817,-1193.41232010057
2.818,-1193.03968877821
2.819,-1192.66773032432
2.82,-1192.29644440531
2.821,-1191.92583068613
2.822,-1191.55588883041
2.823,-1191.18661850031
2.824,-1190.81801935666
2.825,-1190.45009105883
2.826,-1190.08283326477
2.827,-1189.7162456311
2.828,-1189.35032781284
2.829,-1188.98507946379
2.83,-1188.62050023613
2.831,-1188.25658978066
2.832,-1187.89334774675
2.833,-1187.53077378229
2.834,-1187.1688675337
2.835,-1186.80762864595
2.836,-1186.44705676247
2.837,-1186.08715152531
2.838,-1185.72791257493
2.839,-1185.36933955033
2.84,-1185.01143208905
2.841,-1184.65418982707
2.842,-1184.29761239885
2.843,-1183.94169943736
2.844,-1183.58645057401
2.845,-1183.23186543869
2.846,-1182.87794365979
2.847,-1182.52468486407
2.848,-1182.17208867681
2.849,-1181.82015472171
2.85,-1181.46888262086
2.851,-1181.11827199486
2.852,-1180.76832246265
2.853,-1180.41903364165
2.854,-1180.07040514765
2.855,-1179.72243659487
2.856,-1179.37512759585
2.857,-1179.02847776167
2.858,-1178.68248670163
2.859,-1178.33715402355
2.86,-1177.99247933351
2.861,-1177.64846223601
2.862,-1177.30510233393
2.863,-1176.96239922843
2.864,-1176.62035251908
2.865,-1176.27896180377
2.866,-1175.93822667872
2.867,-1175.59814673847
2.868,-1175.25872157591
2.869,-1174.91995078221
2.87,-1174.5818339469
2.871,-1174.24437065775
2.872,-1173.90756050084
2.873,-1173.57140306061
2.874,-1173.23589791969
2.875,-1172.90104465903
2.876,-1172.56684285786
2.877,-1172.23329209363
2.878,-1171.90039194212
2.879,-1171.5681419773
2.88,-1171.23654177143
2.881,-1170.90559089499
2.882,-1170.57528891668
2.883,-1170.24563540343
2.884,-1169.91662992042
2.885,-1169.58827203102
2.886,-1169.26056129683
2.887,-1168.93349727759
2.888,-1168.60707953135
2.889,-1168.28130761425
2.89,-1167.95618108064
2.891,-1167.63169948306
2.892,-1167.30786237222
2.893,-1166.98466929697
2.894,-1166.66211980436
2.895,-1166.34021343956
2.896,-1166.01894974589
2.897,-1165.69832826483
2.898,-1165.37834853595
2.899,-1165.05901009702
2.9,-1164.74031248385
2.901,-1164.42225523039
2.902,-1164.10483786877
2.903,-1163.78805992906
2.904,-1163.47192093962
2.905,-1163.15642042678
2.906,-1162.84155791495
2.907,-1162.52733292669
2.908,-1162.21374498254
2.909,-1161.90079360117
2.91,-1161.58847829931
2.911,-1161.27679859169
2.912,-1160.96575399116
2.913,-1160.65534400851
2.914,-1160.34556815265
2.915,-1160.03642593051
2.916,-1159.72791684697
2.917,-1159.42004040501
2.918,-1159.11279610554
2.919,-1158.80618344758
2.92,-1158.50020192802
2.921,-1158.1948510418
2.922,-1157.89013028186
2.923,-1157.5860391391
2.924,-1157.28257710238
2.925,-1156.97974365855
2.926,-1156.67753829237
2.927,-1156.37596048661
2.928,-1156.07500972196
2.929,-1155.77468547704
2.93,-1155.47498722842
2.931,-1155.17591445058
2.932,-1154.87746661595
2.933,-1154.57964319484
2.934,-1154.28244365551
2.935,-1153.98586746407
2.936,-1153.68991408461
2.937,-1153.39458297897
2.938,-1153.09987360701
2.939,-1152.80578542641
2.94,-1152.51231789274
2.941,-1152.21947045943
2.942,-1151.92724257771
2.943,-1151.63563369679
2.944,-1151.34464326359
2.945,-1151.05427072297
2.946,-1150.76451551758
2.947,-1150.47537708789
2.948,-1150.18685487222
2.949,-1149.89894830673
2.95,-1149.6116568253
2.951,-1149.3249798597
2.952,-1149.03891683947
2.953,-1148.75346719193
2.954,-1148.46863034216
2.955,-1148.18440571309
2.956,-1147.90079272539
2.957,-1147.61779079748
2.958,-1147.33539934557
2.959,-1147.05361778358
2.96,-1146.77244552322
2.961,-1146.49188197393
2.962,-1146.21192654288
2.963,-1145.932578635
2.964,-1145.65383765289
2.965,-1145.37570299691
2.966,-1145.09817406512
2.967,-1144.8212502533
2.968,-1144.5449309549
2.969,-1144.26921556108
2.97,-1143.9941034607
2.971,-1143.71959404029
2.972,-1143.44568668404
2.973,-1143.17238077385
2.974,-1142.89967568922
2.975,-1142.62757080739
2.976,-1142.35606550319
2.977,-1142.08515914913
2.978,-1141.81485111532
2.979,-1141.54514076953
2.98,-1141.27602747716
2.981,-1141.00751060124
2.982,-1140.73958950239
2.983,-1140.47226353886
2.984,-1140.20553206649
2.985,-1139.93939443871
2.986,-1139.67385000656
2.987,-1139.4088981187
2.988,-1139.14453812128
2.989,-1138.8807693581
2.99,-1138.6175911705
2.991,-1138.35500289737
2.992,-1138.0930038752
2.993,-1137.83159343799
2.994,-1137.57077091727
2.995,-1137.31053564218
2.996,-1137.05088693931
2.997,-1136.79182413282
2.998,-1136.5333465444
2.999,-1136.27545349326
3,-1136.01814429607
3.001,-1135.76141826702
3.002,-1135.50527471784
3.003,-1135.24971295769
3.004,-1134.99473229329
3.005,-1134.74033202877
3.006,-1134.48651146579
3.007,-1134.23326990341
3.008,-1133.98060663822
3.009,-1133.72852096425
3.01,-1133.47701217296
3.011,-1133.22607955326
3.012,-1132.97572239155
3.013,-1132.72593997158
3.014,-1132.47673157459
3.015,-1132.22809647924
3.016,-1131.98003396156
3.017,-1131.73254329504
3.018,-1131.48562375057
3.019,-1131.23927459642
3.02,-1130.99349509826
3.021,-1130.74828451917
3.022,-1130.50364211958
3.023,-1130.25956715733
3.024,-1130.01605888761
3.025,-1129.77311656299
3.026,-1129.5307394334
3.027,-1129.2889267461
3.028,-1129.04767774575
3.029,-1128.80699167429
3.03,-1128.56686777106
3.031,-1128.32730527272
3.032,-1128.0883034132
3.033,-1127.84986142386
3.034,-1127.61197853329
3.035,-1127.37465396742
3.036,-1127.13788694948
3.037,-1126.90167669999
3.038,-1126.66602243681
3.039,-1126.43092337506
3.04,-1126.19637872716
3.041,-1125.96238770274
3.042,-1125.72894950883
3.043,-1125.49606334963
3.044,-1125.26372842664
3.045,-1125.03194393858
3.046,-1124.80070908149
3.047,-1124.57002304865
3.048,-1124.33988503048
3.049,-1124.11029421478
3.05,-1123.88124978648
3.051,-1123.65275092779
3.052,-1123.4247968181
3.053,-1123.19738663411
3.054,-1122.97051954959
3.055,-1122.74419473561
3.056,-1122.51841136045
3.057,-1122.29316858952
3.058,-1122.06846558548
3.059,-1121.84430150817
3.06,-1121.62067551458
3.061,-1121.39758675888
3.062,-1121.17503439247
3.063,-1120.95301756382
3.064,-1120.73153541865
3.065,-1120.51058709979
3.066,-1120.29017174724
3.067,-1120.07028849814
3.068,-1119.85093648677
3.069,-1119.63211484452
3.07,-1119.41382269997
3.071,-1119.19605917882
3.072,-1118.97882340383
3.073,-1118.76211449494
3.074,-1118.54593156919
3.075,-1118.3302737407
3.076,-1118.11514012076
3.077,-1117.90052981767
3.078,-1117.6864419369
3.079,-1117.47287558098
3.08,-1117.25982984949
3.081,-1117.04730383919
3.082,-1116.83529664381
3.083,-1116.62380735422
3.084,-1116.41283505834
3.085,-1116.20237884111
3.086,-1115.99243778462
3.087,-1115.78301096791
3.088,-1115.57409746717
3.089,-1115.36569635555
3.09,-1115.15780670331
3.091,-1114.95042757768
3.092,-1114.74355804299
3.093,-1114.53719716056
3.094,-1114.3313439887
3.095,-1114.12599758287
3.096,-1113.92115699538
3.097,-1113.71682127564
3.098,-1113.51298947009
3.099,-1113.30966062211
3.1,-1113.10683377213
3.101,-1112.90450795754
3.102,-1112.70268221274
3.103,-1112.50135556911
3.104,-1112.30052705506
3.105,-1112.10019569585
3.106,-1111.90036051389
3.107,-1111.70102052844
3.108,-1111.50217475577
3.109,-1111.3038222091
3.11,-1111.10596189863
3.111,-1110.9085928315
3.112,-1110.71171401181
3.113,-1110.51532444059
3.114,-1110.31942311586
3.115,-1110.12400903258
3.116,-1109.92908118257
3.117,-1109.73463855467
3.118,-1109.5406801346
3.119,-1109.34720490508
3.12,-1109.15421184565
3.121,-1108.96169993289
3.122,-1108.76966814018
3.123,-1108.57811543791
3.124,-1108.38704079328
3.125,-1108.19644317051
3.126,-1108.0063215307
3.127,-1107.81667483177
3.128,-1107.62750202863
3.129,-1107.43880207303
3.13,-1107.25057391365
3.131,-1107.06281649606
3.132,-1106.87552876266
3.133,-1106.68870965278
3.134,-1106.50235810266
3.135,-1106.31647304535
3.136,-1106.13105341081
3.137,-1105.94609812587
3.138,-1105.76160611422
3.139,-1105.57757629645
3.14,-1105.39400758997
3.141,-1105.21089890909
3.142,-1105.02824916491
3.143,-1104.84605726548
3.144,-1104.66432211562
3.145,-1104.4830426171
3.146,-1104.3022176684
3.147,-1104.12184616498
3.148,-1103.94192699906
3.149,-1103.76245905975
3.15,-1103.58344123296
3.151,-1103.40487240145
3.152,-1103.22675144483
3.153,-1103.04907723952
3.154,-1102.87184865879
3.155,-1102.69506457276
3.156,-1102.5187238483
3.157,-1102.34282534917
3.158,-1102.16736793595
3.159,-1101.99235046602
3.16,-1101.81777179354
3.161,-1101.64363076961
3.162,-1101.46992624199
3.163,-1101.29665705538
3.164,-1101.12382205122
3.165,-1100.95142006777
3.166,-1100.77944994016
3.167,-1100.60791050023
3.168,-1100.43680057669
3.169,-1100.26611899504
3.17,-1100.09586457758
3.171,-1099.92603614341
3.172,-1099.75663250845
3.173,-1099.58765248539
3.174,-1099.41909488374
3.175,-1099.25095850978
3.176,-1099.08324216663
3.177,-1098.91594465415
3.178,-1098.74906476906
3.179,-1098.58260130479
3.18,-1098.41655305167
3.181,-1098.25091879671
3.182,-1098.0856973238
3.183,-1097.92088741355
3.184,-1097.75648784338
3.185,-1097.59249738757
3.186,-1097.42891481707
3.187,-1097.26573889971
3.188,-1097.10296840006
3.189,-1096.94060207949
3.19,-1096.77863869616
3.191,-1096.61707700502
3.192,-1096.4559157578
3.193,-1096.295153703
3.194,-1096.13478958596
3.195,-1095.97482214873
3.196,-1095.81525013021
3.197,-1095.65607226606
3.198,-1095.49728728872
3.199,-1095.33889392742
3.2,-1095.18089090822
3.201,-1095.02327695388
3.202,-1094.86605078402
3.203,-1094.70921111506
3.204,-1094.55275666012
3.205,-1094.39668612916
3.206,-1094.240998229
3.207,-1094.08569166311
3.208,-1093.93076513188
3.209,-1093.77621733242
3.21,-1093.62204695864
3.211,-1093.46825270125
3.212,-1093.31483324779
3.213,-1093.16178728255
3.214,-1093.00911348665
3.215,-1092.85681053795
3.216,-1092.70487711122
3.217,-1092.5533118779
3.218,-1092.40211350631
3.219,-1092.25128066161
3.22,-1092.10081200567
3.221,-1091.95070619717
3.222,-1091.80096189175
3.223,-1091.65157774169
3.224,-1091.50255239616
3.225,-1091.3538845011
3.226,-1091.20557269934
3.227,-1091.05761563046
3.228,-1090.91001193089
3.229,-1090.76276023389
3.23,-1090.6158591695
3.231,-1090.46930736465
3.232,-1090.32310344306
3.233,-1090.17724602531
3.234,-1090.03173372876
3.235,-1089.88656516766
3.236,-1089.7417389531
3.237,-1089.59725369296
3.238,-1089.45310799205
3.239,-1089.30930045191
3.24,-1089.16582967105
3.241,-1089.02269424479
3.242,-1088.87989276527
3.243,-1088.73742382154
3.244,-1088.5952859995
3.245,-1088.45347788188
3.246,-1088.31199804834
3.247,-1088.1708450754
3.248,-1088.03001753643
3.249,-1087.88951400166
3.25,-1087.74933303832
3.251,-1087.60947321035
3.252,-1087.46993307877
3.253,-1087.33071120137
3.254,-1087.19180613287
3.255,-1087.05321642493
3.256,-1086.91494062606
3.257,-1086.77697728172
3.258,-1086.63932493431
3.259,-1086.50198212309
3.26,-1086.36494738431
3.261,-1086.22821925109
3.262,-1086.09179625353
3.263,-1085.95567691867
3.264,-1085.8198597705
3.265,-1085.68434332988
3.266,-1085.54912611474
3.267,-1085.41420663989
3.268,-1085.27958341715
3.269,-1085.14525495528
3.27,-1085.01121976006
3.271,-1084.87747633418
3.272,-1084.74402317737
3.273,-1084.61085878638
3.274,-1084.47798165486
3.275,-1084.34539027357
3.276,-1084.2130831302
3.277,-1084.08105870949
3.278,-1083.94931549322
3.279,-1083.8178519602
3.28,-1083.68666658619
3.281,-1083.55575784409
3.282,-1083.42512420379
3.283,-1083.29476413229
3.284,-1083.16467609358
3.285,-1083.03485854876
3.286,-1082.90530995601
3.287,-1082.77602877054
3.288,-1082.64701344469
3.289,-1082.51826242789
3.29,-1082.38977416668
3.291,-1082.26154710465
3.292,-1082.13357968261
3.293,-1082.00587033835
3.294,-1081.87841750695
3.295,-1081.75121962052
3.296,-1081.62427510834
3.297,-1081.49758239685
3.298,-1081.37113990966
3.299,-1081.24494606755
3.3,-1081.11899928843
3.301,-1080.99329798746
3.302,-1080.86784057698
3.303,-1080.74262546648
3.304,-1080.61765106274
3.305,-1080.49291576969
3.306,-1080.36841798852
3.307,-1080.24415611766
3.308,-1080.12012855278
3.309,-1079.99633368678
3.31,-1079.87276990989
3.311,-1079.74943560951
3.312,-1079.62632917037
3.313,-1079.50344897457
3.314,-1079.38079340139
3.315,-1079.25836082746
3.316,-1079.13614962676
3.317,-1079.01415817056
3.318,-1078.8923848275
3.319,-1078.77082796353
3.32,-1078.64948594201
3.321,-1078.52835712359
3.322,-1078.4074398664
3.323,-1078.28673252589
3.324,-1078.16623345493
3.325,-1078.04594100376
3.326,-1077.92585352012
3.327,-1077.80596934913
3.328,-1077.68628683335
3.329,-1077.56680431282
3.33,-1077.44752012502
3.331,-1077.32843260491
3.332,-1077.20954008493
3.333,-1077.09084089504
3.334,-1076.9723333627
3.335,-1076.85401581286
3.336,-1076.73588656804
3.337,-1076.61794394834
3.338,-1076.50018627129
3.339,-1076.38261185214
3.34,-1076.2652190036
3.341,-1076.14800603603
3.342,-1076.0309712574
3.343,-1075.91411297324
3.344,-1075.7974294868
3.345,-1075.68091909889
3.346,-1075.56458010802
3.347,-1075.44841081035
3.348,-1075.33240949969
3.349,-1075.21657446766
3.35,-1075.10090400342
3.351,-1074.98539639398
3.352,-1074.87004992399
3.353,-1074.75486287595
3.354,-1074.63983353004
3.355,-1074.52496016422
3.356,-1074.41024105428
3.357,-1074.29567447378
3.358,-1074.18125869407
3.359,-1074.06699198441
3.36,-1073.95287261182
3.361,-1073.83889884124
3.362,-1073.72506893541
3.363,-1073.61138115506
3.364,-1073.4978337587
3.365,-1073.38442500287
3.366,-1073.27115314198
3.367,-1073.15801642839
3.368,-1073.04501311244
3.369,-1072.93214144243
3.37,-1072.81939966466
3.371,-1072.70678602343
3.372,-1072.59429876106
3.373,-1072.48193611797
3.374,-1072.36969633255
3.375,-1072.25757764127
3.376,-1072.14557827873
3.377,-1072.03369647761
3.378,-1071.9219304687
3.379,-1071.81027848097
3.38,-1071.69873874148
3.381,-1071.58730947548
3.382,-1071.47598890641
3.383,-1071.36477525595
3.384,-1071.25366674391
3.385,-1071.14266158841
3.386,-1071.03175800581
3.387,-1070.92095421068
3.388,-1070.81024841595
3.389,-1070.69963883286
3.39,-1070.5891236709
3.391,-1070.47870113796
3.392,-1070.36836944026
3.393,-1070.25812678241
3.394,-1070.14797136742
3.395,-1070.03790139669
3.396,-1069.92791507003
3.397,-1069.81801058576
3.398,-1069.70818614065
3.399,-1069.59843992988
3.4,-1069.48877014726
3.401,-1069.379174985
3.402,-1069.26965263398
3.403,-1069.16020128349
3.404,-1069.05081912152
3.405,-1068.94150433463
3.406,-1068.83225510796
3.407,-1068.72306962533
3.408,-1068.61394606921
3.409,-1068.50488262073
3.41,-1068.39587745972
3.411,-1068.28692876474
3.412,-1068.17803471311
3.413,-1068.06919348086
3.414,-1067.96040324281
3.415,-1067.8516621726
3.416,-1067.74296844268
3.417,-1067.63432022431
3.418,-1067.52571568764
3.419,-1067.41715300174
3.42,-1067.30863033446
3.421,-1067.20014585274
3.422,-1067.09169772231
3.423,-1066.98328410795
3.424,-1066.8749031734
3.425,-1066.76655308142
3.426,-1066.65823199381
3.427,-1066.5499380714
3.428,-1066.44166947408
3.429,-1066.33342436088
3.43,-1066.22520088993
3.431,-1066.11699721847
3.432,-1066.00881150294
3.433,-1065.90064189894
3.434,-1065.79248656131
3.435,-1065.68434364408
3.436,-1065.57621130056
3.437,-1065.46808768333
3.438,-1065.35997094424
3.439,-1065.25185923452
3.44,-1065.14375070468
3.441,-1065.03564350464
3.442,-1064.9275357837
3.443,-1064.81942569056
3.444,-1064.7113113734
3.445,-1064.60319097981
3.446,-1064.49506265692
3.447,-1064.38692455131
3.448,-1064.27877480911
3.449,-1064.17061157608
3.45,-1064.06243299744
3.451,-1063.95423721814
3.452,-1063.84602238265
3.453,-1063.73778663519
3.454,-1063.62952811959
3.455,-1063.52124497944
3.456,-1063.41293535803
3.457,-1063.30459739837
3.458,-1063.19622924333
3.459,-1063.08782903552
3.46,-1062.97939491744
3.461,-1062.87092503136
3.462,-1062.76241751955
3.463,-1062.65387052409
3.464,-1062.54528218699
3.465,-1062.43665065029
3.466,-1062.32797405597
3.467,-1062.21925054606
3.468,-1062.11047826253
3.469,-1062.00165534751
3.47,-1061.89277994321
3.471,-1061.78385019191
3.472,-1061.67486423609
3.473,-1061.56582021829
3.474,-1061.45671628141
3.475,-1061.34755056845
3.476,-1061.23832122268
3.477,-1061.12902638769
3.478,-1061.0196642073
3.479,-1060.91023282574
3.48,-1060.80073038759
3.481,-1060.69115503774
3.482,-1060.58150492157
3.483,-1060.47177818487
3.484,-1060.36197297389
3.485,-1060.2520874354
3.486,-1060.1421197167
3.487,-1060.03206796561
3.488,-1059.92193033054
3.489,-1059.81170496054
3.49,-1059.70139000524
3.491,-1059.59098361499
3.492,-1059.4804839408
3.493,-1059.3698891344
3.494,-1059.25919734831
3.495,-1059.14840673579
3.496,-1059.0375154509
3.497,-1058.9265216486
3.498,-1058.81542348464
3.499,-1058.70421911571
3.5,-1058.5929066994
3.501,-1058.48148439429
3.502,-1058.3699503599
3.503,-1058.25830275677
3.504,-1058.14653974651
3.505,-1058.03465949178
3.506,-1057.92266015636
3.507,-1057.81053990511
3.508,-1057.6982969041
3.509,-1057.58592932059
3.51,-1057.47343532303
3.511,-1057.36081308111
3.512,-1057.24806076585
3.513,-1057.13517654957
3.514,-1057.02215860588
3.515,-1056.90900510982
3.516,-1056.79571423782
3.517,-1056.6822841677
3.518,-1056.56871307878
3.519,-1056.45499915188
3.52,-1056.34114056932
3.521,-1056.22713551498
3.522,-1056.11298217435
3.523,-1055.99867873448
3.524,-1055.88422338414
3.525,-1055.7696143137
3.526,-1055.65484971532
3.527,-1055.53992778284
3.528,-1055.42484671191
3.529,-1055.30960469994
3.53,-1055.19419994623
3.531,-1055.07863065192
3.532,-1054.96289502002
3.533,-1054.84699125552
3.534,-1054.73091756534
3.535,-1054.61467215838
3.536,-1054.49825324559
3.537,-1054.38165903998
3.538,-1054.26488775664
3.539,-1054.14793761277
3.54,-1054.03080682775
3.541,-1053.91349362308
3.542,-1053.79599622258
3.543,-1053.6783128522
3.544,-1053.56044174027
3.545,-1053.44238111738
3.546,-1053.32412921648
3.547,-1053.20568427288
3.548,-1053.08704452432
3.549,-1052.96820821099
3.55,-1052.84917357554
3.551,-1052.72993886315
3.552,-1052.61050232147
3.553,-1052.49086220082
3.554,-1052.37101675405
3.555,-1052.25096423669
3.556,-1052.13070290692
3.557,-1052.01023102566
3.558,-1051.8895468565
3.559,-1051.76864866587
3.56,-1051.64753472295
3.561,-1051.52620329977
3.562,-1051.40465267127
3.563,-1051.28288111527
3.564,-1051.16088691244
3.565,-1051.03866834655
3.566,-1050.91622370427
3.567,-1050.79355127539
3.568,-1050.67064935269
3.569,-1050.5475162321
3.57,-1050.42415021265
3.571,-1050.30054959658
3.572,-1050.17671268928
3.573,-1050.0526377994
3.574,-1049.92832323887
3.575,-1049.80376732292
3.576,-1049.67896837006
3.577,-1049.55392470224
3.578,-1049.42863464479
3.579,-1049.30309652641
3.58,-1049.17730867937
3.581,-1049.0512694394
3.582,-1048.92497714573
3.583,-1048.79843014118
3.584,-1048.67162677221
3.585,-1048.54456538886
3.586,-1048.4172443449
3.587,-1048.28966199772
3.588,-1048.16181670851
3.589,-1048.03370684224
3.59,-1047.90533076761
3.591,-1047.77668685724
3.592,-1047.64777348757
3.593,-1047.51858903898
3.594,-1047.38913189573
3.595,-1047.25940044612
3.596,-1047.12939308241
3.597,-1046.99910820092
3.598,-1046.86854420206
3.599,-1046.73769949026
3.6,-1046.60657247421
3.601,-1046.4751615667
3.602,-1046.34346518473
3.603,-1046.21148174955
3.604,-1046.0792096867
3.605,-1045.94664742603
3.606,-1045.81379340169
3.607,-1045.68064605226
3.608,-1045.54720382066
3.609,-1045.41346515431
3.61,-1045.27942850511
3.611,-1045.1450923294
3.612,-1045.01045508815
3.613,-1044.87551524684
3.614,-1044.74027127559
3.615,-1044.60472164915
3.616,-1044.46886484695
3.617,-1044.33269935313
3.618,-1044.1962236566
3.619,-1044.05943625097
3.62,-1043.92233563474
3.621,-1043.78492031121
3.622,-1043.64718878857
3.623,-1043.50913957991
3.624,-1043.37077120325
3.625,-1043.23208218162
3.626,-1043.09307104303
3.627,-1042.95373632053
3.628,-1042.81407655226
3.629,-1042.67409028147
3.63,-1042.53377605651
3.631,-1042.39313243096
3.632,-1042.25215796355
3.633,-1042.11085121828
3.634,-1041.96921076444
3.635,-1041.82723517657
3.636,-1041.68492303454
3.637,-1041.54227292369
3.638,-1041.39928343466
3.639,-1041.25595316357
3.64,-1041.11228071193
3.641,-1040.96826468688
3.642,-1040.82390370099
3.643,-1040.67919637243
3.644,-1040.53414132498
3.645,-1040.38873718795
3.646,-1040.24298259646
3.647,-1040.09687619117
3.648,-1039.95041661859
3.649,-1039.80360253092
3.65,-1039.65643258613
3.651,-1039.50890544808
3.652,-1039.36101978636
3.653,-1039.21277427658
3.654,-1039.06416760017
3.655,-1038.91519844451
3.656,-1038.76586550301
3.657,-1038.61616747503
3.658,-1038.46610306598
3.659,-1038.31567098738
3.66,-1038.1648699568
3.661,-1038.01369869793
3.662,-1037.86215594066
3.663,-1037.7102404211
3.664,-1037.55795088149
3.665,-1037.4052860704
3.666,-1037.25224474266
3.667,-1037.09882565942
3.668,-1036.94502758815
3.669,-1036.79084930273
3.67,-1036.63628958341
3.671,-1036.4813472169
3.672,-1036.32602099637
3.673,-1036.17030972147
3.674,-1036.0142121984
3.675,-1035.85772723989
3.676,-1035.70085366525
3.677,-1035.54359030044
3.678,-1035.38593597801
3.679,-1035.22788953722
3.68,-1035.06944982402
3.681,-1034.91061569108
3.682,-1034.75138599783
3.683,-1034.59175961049
3.684,-1034.43173540212
3.685,-1034.27131225257
3.686,-1034.11048904861
3.687,-1033.94926468389
3.688,-1033.78763805896
3.689,-1033.62560808141
3.69,-1033.46317366573
3.691,-1033.30033373345
3.692,-1033.13708721316
3.693,-1032.9734330405
3.694,-1032.8093701582
3.695,-1032.64489751613
3.696,-1032.48001407128
3.697,-1032.31471878785
3.698,-1032.14901063725
3.699,-1031.98288859805
3.7,-1031.81635165615
3.701,-1031.64939880472
3.702,-1031.48202904422
3.703,-1031.31424138245
3.704,-1031.14603483458
3.705,-1030.97740842317
3.706,-1030.80836117817
3.707,-1030.63889213699
3.708,-1030.46900034453
3.709,-1030.29868485312
3.71,-1030.12794472266
3.711,-1029.95677902056
3.712,-1029.78518682179
3.713,-1029.61316720895
3.714,-1029.44071927221
3.715,-1029.2678421094
3.716,-1029.09453482603
3.717,-1028.92079653526
3.718,-1028.74662635798
3.719,-1028.57202342283
3.72,-1028.39698686618
3.721,-1028.22151583224
3.722,-1028.04560947294
3.723,-1027.8692669481
3.724,-1027.69248742536
3.725,-1027.51527008029
3.726,-1027.3376140963
3.727,-1027.15951866474
3.728,-1026.98098298491
3.729,-1026.80200626407
3.73,-1026.62258771747
3.731,-1026.44272656835
3.732,-1026.26242204803
3.733,-1026.08167339583
3.734,-1025.90047985914
3.735,-1025.71884069351
3.736,-1025.53675516253
3.737,-1025.35422253798
3.738,-1025.17124209978
3.739,-1024.98781313603
3.74,-1024.80393494299
3.741,-1024.6196068252
3.742,-1024.43482809542
3.743,-1024.24959807464
3.744,-1024.06391609215
3.745,-1023.87778148553
3.746,-1023.69119360069
3.747,-1023.50415179186
3.748,-1023.3166554216
3.749,-1023.1287038609
3.75,-1022.94029648912
3.751,-1022.75143269398
3.752,-1022.56211187169
3.753,-1022.37233342688
3.754,-1022.18209677264
3.755,-1021.99140133054
3.756,-1021.80024653066
3.757,-1021.60863181158
3.758,-1021.4165566204
3.759,-1021.22402041281
3.76,-1021.03102265303
3.761,-1020.83756281387
3.762,-1020.64364037671
3.763,-1020.44925483159
3.764,-1020.25440567716
3.765,-1020.05909242068
3.766,-1019.86331457815
3.767,-1019.66707167412
3.768,-1019.47036324196
3.769,-1019.27318882364
3.77,-1019.07554796992
3.771,-1018.87744024024
3.772,-1018.67886520283
3.773,-1018.47982243463
3.774,-1018.2803115214
3.775,-1018.08033205766
3.776,-1017.87988364672
3.777,-1017.67896590074
3.778,-1017.47757844068
3.779,-1017.27572089633
3.78,-1017.07339290637
3.781,-1016.87059411825
3.782,-1016.66732418842
3.783,-1016.46358278214
3.784,-1016.25936957354
3.785,-1016.05468424573
3.786,-1015.8495264907
3.787,-1015.64389600937
3.788,-1015.4377925116
3.789,-1015.23121571623
3.79,-1015.02416535101
3.791,-1014.81664115269
3.792,-1014.60864286702
3.793,-1014.40017024869
3.794,-1014.1912230614
3.795,-1013.98180107792
3.796,-1013.77190407996
3.797,-1013.56153185828
3.798,-1013.35068421268
3.799,-1013.13936095199
3.8,-1012.92756189412
3.801,-1012.71528686599
3.802,-1012.5025357036
3.803,-1012.28930825205
3.804,-1012.07560436548
3.805,-1011.86142390711
3.806,-1011.64676674932
3.807,-1011.43163277349
3.808,-1011.21602187017
3.809,-1010.999933939
3.81,-1010.78336888872
3.811,-1010.56632663719
3.812,-1010.34880711146
3.813,-1010.13081024759
3.814,-1009.91233599087
3.815,-1009.69338429571
3.816,-1009.47395512563
3.817,-1009.25404845329
3.818,-1009.03366426059
3.819,-1008.81280253847
3.82,-1008.59146328709
3.821,-1008.36964651575
3.822,-1008.14735224291
3.823,-1007.9245804962
3.824,-1007.70133131244
3.825,-1007.47760473757
3.826,-1007.25340082672
3.827,-1007.0287196442
3.828,-1006.8035612635
3.829,-1006.57792576727
3.83,-1006.35181324732
3.831,-1006.12522380466
3.832,-1005.89815754949
3.833,-1005.67061460111
3.834,-1005.4425950881
3.835,-1005.21409914813
3.836,-1004.9851269281
3.837,-1004.75567858403
3.838,-1004.52575428115
3.839,-1004.29535419388
3.84,-1004.06447850575
3.841,-1003.8331274095
3.842,-1003.60130110701
3.843,-1003.36899980934
3.844,-1003.13622373672
3.845,-1002.90297311852
3.846,-1002.66924819324
3.847,-1002.4350492086
3.848,-1002.20037642139
3.849,-1001.96523009759
3.85,-1001.72961051229
3.851,-1001.49351794977
3.852,-1001.25695270339
3.853,-1001.01991507562
3.854,-1000.78240537812
3.855,-1000.54442393158
3.856,-1000.30597106591
3.857,-1000.06704712
3.858,-999.827652441931
3.859,-999.587787388842
3.86,-999.347452326951
3.861,-999.106647631574
3.862,-998.865373687069
3.863,-998.623630886912
3.864,-998.381419633574
3.865,-998.138740338631
3.866,-997.89559342268
3.867,-997.651979315319
3.868,-997.407898455251
3.869,-997.163351290105
3.87,-996.918338276587
3.871,-996.672859880364
3.872,-996.426916576135
3.873,-996.1805088475
3.874,-995.933637187145
3.875,-995.686302096613
3.876,-995.438504086451
3.877,-995.190243676144
3.878,-994.941521394098
3.879,-994.692337777615
3.88,-994.442693372964
3.881,-994.192588735243
3.882,-993.942024428496
3.883,-993.691001025584
3.884,-993.439519108288
3.885,-993.187579267178
3.886,-992.9351821017
3.887,-992.682328220119
3.888,-992.4290182395
3.889,-992.1752527857
3.89,-991.921032493385
3.891,-991.666358005964
3.892,-991.411229975627
3.893,-991.155649063289
3.894,-990.899615938575
3.895,-990.643131279899
3.896,-990.386195774289
3.897,-990.128810117478
3.898,-989.870975013903
3.899,-989.612691176632
3.9,-989.353959327333
3.901,-989.094780196394
3.902,-988.835154522689
3.903,-988.575083053759
3.904,-988.31456654572
3.905,-988.053605763195
3.906,-987.792201479396
3.907,-987.53035447601
3.908,-987.268065543268
3.909,-987.005335479879
3.91,-986.742165092977
3.911,-986.478555198229
3.912,-986.214506619672
3.913,-985.950020189796
3.914,-985.685096749432
3.915,-985.419737147847
3.916,-985.153942242647
3.917,-984.887712899754
3.918,-984.621049993444
3.919,-984.353954406253
3.92,-984.086427029044
3.921,-983.818468760892
3.922,-983.550080509158
3.923,-983.28126318937
3.924,-983.012017725294
3.925,-982.742345048857
3.926,-982.472246100146
3.927,-982.201721827385
3.928,-981.930773186895
3.929,-981.659401143106
3.93,-981.387606668513
3.931,-981.115390743657
3.932,-980.842754357099
3.933,-980.569698505412
3.934,-980.296224193149
3.935,-980.022332432807
3.936,-979.748024244812
3.937,-979.473300657551
3.938,-979.198162707208
3.939,-978.922611437945
3.94,-978.646647901642
3.941,-978.370273158099
3.942,-978.093488274841
3.943,-977.816294327199
3.944,-977.538692398214
3.945,-977.260683578681
3.946,-976.982268967055
3.947,-976.703449669467
3.948,-976.424226799702
3.949,-976.144601479187
3.95,-975.864574836848
3.951,-975.584148009303
3.952,-975.303322140623
3.953,-975.022098382405
3.954,-974.740477893758
3.955,-974.458461841252
3.956,-974.176051398856
3.957,-973.89324774798
3.958,-973.610052077403
3.959,-973.326465583254
3.96,-973.042489469014
3.961,-972.758124945444
3.962,-972.473373230556
3.963,-972.188235549634
3.964,-971.902713135169
3.965,-971.616807226842
3.966,-971.330519071503
3.967,-971.043849923102
3.968,-970.756801042699
3.969,-970.469373698482
3.97,-970.181569165595
3.971,-969.893388726284
3.972,-969.604833669718
3.973,-969.315905292066
3.974,-969.02660489639
3.975,-968.736933792666
3.976,-968.44689329775
3.977,-968.156484735323
3.978,-967.865709435894
3.979,-967.574568736713
3.98,-967.283063981811
3.981,-966.991196521935
3.982,-966.698967714492
3.983,-966.406378923583
3.984,-966.113431519917
3.985,-965.820126880801
3.986,-965.5264663901
3.987,-965.232451438205
3.988,-964.938083422017
3.989,-964.643363744951
3.99,-964.348293816779
3.991,-964.052875053732
3.992,-963.757108878389
3.993,-963.460996719729
3.994,-963.164540012945
3.995,-962.867740199618
3.996,-962.570598727478
3.997,-962.273117050537
3.998,-961.97529662894
3.999,-961.677138929057
4,-961.378645423259
4.001,-961.079817590098
4.002,-960.780656914141
4.003,-960.481164885963
4.004,-960.181343002156
4.005,-959.881192765213
4.006,-959.580715683581
4.007,-959.279913271581
4.008,-958.978787049405
4.009,-958.677338543022
4.01,-958.375569284213
4.011,-958.073480810492
4.012,-957.771074665123
4.013,-957.468352396991
4.014,-957.165315560689
4.015,-956.861965716378
4.016,-956.558304429814
4.017,-956.254333272313
4.018,-955.950053820691
4.019,-955.645467657202
4.02,-955.340576369618
4.021,-955.035381551045
4.022,-954.729884799997
4.023,-954.424087720303
4.024,-954.117991921123
4.025,-953.811599016855
4.026,-953.504910627156
4.027,-953.197928376827
4.028,-952.890653895887
4.029,-952.583088819466
4.03,-952.275234787753
4.031,-951.967093446014
4.032,-951.658666444552
4.033,-951.349955438634
4.034,-951.040962088473
4.035,-950.731688059197
4.036,-950.422135020814
4.037,-950.112304648166
4.038,-949.802198620922
4.039,-949.491818623476
4.04,-949.181166344992
4.041,-948.870243479327
4.042,-948.559051724985
4.043,-948.247592785108
4.044,-947.935868367419
4.045,-947.623880184184
4.046,-947.311629952213
4.047,-946.999119392783
4.048,-946.686350231582
4.049,-946.373324198769
4.05,-946.060043028808
4.051,-945.746508460562
4.052,-945.432722237133
4.053,-945.118686105921
4.054,-944.804401818534
4.055,-944.48987113078
4.056,-944.17509580261
4.057,-943.860077598109
4.058,-943.54481828539
4.059,-943.229319636668
4.06,-942.913583428121
4.061,-942.597611439945
4.062,-942.281405456208
4.063,-941.964967264889
4.064,-941.648298657871
4.065,-941.331401430779
4.066,-941.014277383103
4.067,-940.696928318028
4.068,-940.379356042452
4.069,-940.061562366996
4.07,-939.743549105858
4.071,-939.425318076866
4.072,-939.106871101387
4.073,-938.788210004388
4.074,-938.469336614195
4.075,-938.150252762723
4.076,-937.830960285212
4.077,-937.511461020334
4.078,-937.191756810058
4.079,-936.871849499694
4.08,-936.551740937808
4.081,-936.231432976188
4.082,-935.910927469825
4.083,-935.590226276877
4.084,-935.269331258612
4.085,-934.948244279365
4.086,-934.626967206563
4.087,-934.305501910596
4.088,-933.983850264852
4.089,-933.66201414566
4.09,-933.339995432245
4.091,-933.017796006685
4.092,-932.69541775387
4.093,-932.372862561523
4.094,-932.050132320093
4.095,-931.727228922773
4.096,-931.404154265376
4.097,-931.080910246416
4.098,-930.757498766983
4.099,-930.433921730744
4.1,-930.110181043913
4.101,-929.78627861519
4.102,-929.462216355735
4.103,-929.137996179144
4.104,-928.813620001361
4.105,-928.489089740729
4.106,-928.164407317897
4.107,-927.83957465577
4.108,-927.514593679508
4.109,-927.189466316489
4.11,-926.864194496251
4.111,-926.538780150456
4.112,-926.213225212891
4.113,-925.887531619369
4.114,-925.561701307761
4.115,-925.235736217922
4.116,-924.909638291643
4.117,-924.583409472645
4.118,-924.257051706554
4.119,-923.93056694079
4.12,-923.603957124643
4.121,-923.277224209139
4.122,-922.950370147073
4.123,-922.623396892921
4.124,-922.296306402812
4.125,-921.969100634567
4.126,-921.641781547568
4.127,-921.314351102752
4.128,-920.986811262604
4.129,-920.659163991098
4.13,-920.331411253642
4.131,-920.003555017122
4.132,-919.675597249749
4.133,-919.347539921144
4.134,-919.019385002209
4.135,-918.69113446511
4.136,-918.36279028333
4.137,-918.034354431521
4.138,-917.705828885522
4.139,-917.377215622301
4.14,-917.048516619968
4.141,-916.719733857699
4.142,-916.390869315707
4.143,-916.061924975207
4.144,-915.732902818426
4.145,-915.403804828478
4.146,-915.074632989408
4.147,-914.745389286171
4.148,-914.416075704488
4.149,-914.086694230929
4.15,-913.757246852854
4.151,-913.427735558313
4.152,-913.09816233611
4.153,-912.768529175681
4.154,-912.438838067122
4.155,-912.109091001148
4.156,-911.779289968997
4.157,-911.449436962504
4.158,-911.119533973984
4.159,-910.789582996223
4.16,-910.459586022448
4.161,-910.129545046313
4.162,-909.799462061831
4.163,-909.469339063366
4.164,-909.139178045587
4.165,-908.808981003467
4.166,-908.478749932175
4.167,-908.14848682715
4.168,-907.818193684009
4.169,-907.487872498479
4.17,-907.157525266462
4.171,-906.827153983885
4.172,-906.496760646794
4.173,-906.16634725124
4.174,-905.835915793248
4.175,-905.505468268827
4.176,-905.175006673927
4.177,-904.844533004385
4.178,-904.514049255907
4.179,-904.183557424034
4.18,-903.85305950414
4.181,-903.522557491348
4.182,-903.192053380589
4.183,-902.86154916642
4.184,-902.531046843179
4.185,-902.200548404786
4.186,-901.870055844832
4.187,-901.539571156504
4.188,-901.209096332557
4.189,-900.878633365256
4.19,-900.548184246422
4.191,-900.217750967317
4.192,-899.887335518685
4.193,-899.556939890662
4.194,-899.226566072814
4.195,-898.896216054026
4.196,-898.56589182255
4.197,-898.235595365961
4.198,-897.905328671029
4.199,-897.575093723893
4.2,-897.244892509813
4.201,-896.914727013301
4.202,-896.584599218014
4.203,-896.25451110673
4.204,-895.92446466138
4.205,-895.594461862922
4.206,-895.264504691414
4.207,-894.934595125922
4.208,-894.604735144503
4.209,-894.274926724223
4.21,-893.945171841016
4.211,-893.615472469839
4.212,-893.285830584452
4.213,-892.956248157515
4.214,-892.626727160538
4.215,-892.297269563825
4.216,-891.967877336465
4.217,-891.638552446322
4.218,-891.309296859972
4.219,-890.980112542709
4.22,-890.65100145852
4.221,-890.321965570017
4.222,-889.993006838491
4.223,-889.664127223772
4.224,-889.335328684348
4.225,-889.006613177197
4.226,-888.677982657843
4.227,-888.349439080345
4.228,-888.020984397196
4.229,-887.692620559388
4.23,-887.364349516318
4.231,-887.036173215777
4.232,-886.708093603983
4.233,-886.380112625473
4.234,-886.052232223136
4.235,-885.724454338176
4.236,-885.396780910047
4.237,-885.069213876541
4.238,-884.74175517361
4.239,-884.414406735452
4.24,-884.087170494501
4.241,-883.760048381275
4.242,-883.433042324536
4.243,-883.106154251098
4.244,-882.779386085915
4.245,-882.452739751995
4.246,-882.126217170455
4.247,-881.799820260377
4.248,-881.473550938907
4.249,-881.147411121166
4.25,-880.821402720244
4.251,-880.495527647194
4.252,-880.169787810959
4.253,-879.844185118439
4.254,-879.518721474376
4.255,-879.193398781391
4.256,-878.868218939957
4.257,-878.543183848347
4.258,-878.21829540267
4.259,-877.893555496761
4.26,-877.568966022263
4.261,-877.244528868541
4.262,-876.920245922677
4.263,-876.596119069462
4.264,-876.272150191346
4.265,-875.948341168469
4.266,-875.624693878587
4.267,-875.30121019709
4.268,-874.97789199697
4.269,-874.654741148789
4.27,-874.331759520698
4.271,-874.008948978343
4.272,-873.686311384966
4.273,-873.36384860126
4.274,-873.041562485417
4.275,-872.719454893135
4.276,-872.397527677525
4.277,-872.075782689145
4.278,-871.754221775967
4.279,-871.43284678338
4.28,-871.111659554131
4.281,-870.790661928332
4.282,-870.469855743447
4.283,-870.1492428343
4.284,-869.828825032961
4.285,-869.508604168838
4.286,-869.188582068643
4.287,-868.868760556271
4.288,-868.549141452935
4.289,-868.229726577054
4.29,-867.910517744236
4.291,-867.591516767327
4.292,-867.272725456294
4.293,-866.95414561835
4.294,-866.635779057792
4.295,-866.317627576054
4.296,-865.99969297174
4.297,-865.681977040476
4.298,-865.364481575061
4.299,-865.047208365288
4.3,-864.73015919805
4.301,-864.413335857311
4.302,-864.096740123989
4.303,-863.780373776059
4.304,-863.464238588514
4.305,-863.148336333269
4.306,-862.832668779283
4.307,-862.517237692416
4.308,-862.2020448355
4.309,-861.887091968273
4.31,-861.572380847417
4.311,-861.257913226494
4.312,-860.943690855989
4.313,-860.62971548319
4.314,-860.315988852319
4.315,-860.00251270442
4.316,-859.689288777382
4.317,-859.376318805893
4.318,-859.063604521496
4.319,-858.75114765249
4.32,-858.438949923991
4.321,-858.127013057857
4.322,-857.815338772769
4.323,-857.50392878408
4.324,-857.192784803963
4.325,-856.881908541226
4.326,-856.571301701508
4.327,-856.260965987029
4.328,-855.950903096804
4.329,-855.641114726479
4.33,-855.331602568374
4.331,-855.022368311482
4.332,-854.713413641453
4.333,-854.404740240535
4.334,-854.096349787676
4.335,-853.788243958368
4.336,-853.480424424749
4.337,-853.172892855572
4.338,-852.865650916124
4.339,-852.558700268319
4.34,-852.252042570623
4.341,-851.945679478061
4.342,-851.639612642196
4.343,-851.333843711142
4.344,-851.028374329547
4.345,-850.723206138602
4.346,-850.418340775929
4.347,-850.11377987577
4.348,-849.809525068759
4.349,-849.505577982075
4.35,-849.201940239357
4.351,-848.898613460708
4.352,-848.595599262699
4.353,-848.292899258366
4.354,-847.990515057177
4.355,-847.688448265
4.356,-847.38670048422
4.357,-847.085273313555
4.358,-846.784168348198
4.359,-846.483387179687
4.36,-846.182931396027
4.361,-845.882802581584
4.362,-845.58300231709
4.363,-845.28353217968
4.364,-844.98439374284
4.365,-844.685588576441
4.366,-844.387118246705
4.367,-844.088984316159
4.368,-843.791188343765
4.369,-843.493731884738
4.37,-843.19661649068
4.371,-842.899843709468
4.372,-842.603415085344
4.373,-842.307332158827
4.374,-842.011596466775
4.375,-841.716209542322
4.376,-841.421172914916
4.377,-841.126488110291
4.378,-840.83215665044
4.379,-840.538180053682
4.38,-840.244559834572
4.381,-839.951297503949
4.382,-839.658394568926
4.383,-839.365852532847
4.384,-839.073672895349
4.385,-838.781857152271
4.386,-838.490406795758
4.387,-838.199323314124
4.388,-837.908608192002
4.389,-837.618262910172
4.39,-837.328288945707
4.391,-837.03868777188
4.392,-836.749460858168
4.393,-836.460609670288
4.394,-836.172135670169
4.395,-835.884040315935
4.396,-835.596325061918
4.397,-835.308991358662
4.398,-835.022040652885
4.399,-834.735474387512
4.4,-834.449294001695
4.401,-834.163500930714
4.402,-833.878096606078
4.403,-833.593082455452
4.404,-833.308459902697
4.405,-833.024230367843
4.406,-832.740395267099
4.407,-832.456956012836
4.408,-832.173914013605
4.409,-831.891270674105
4.41,-831.609027395236
4.411,-831.327185574036
4.412,-831.045746603673
4.413,-830.764711873527
4.414,-830.48408276911
4.415,-830.203860672073
4.416,-829.924046960246
4.417,-829.644643007602
4.418,-829.365650184241
4.419,-829.087069856424
4.42,-828.808903386581
4.421,-828.531152133246
4.422,-828.253817451123
4.423,-827.976900691033
4.424,-827.700403199989
4.425,-827.424326321073
4.426,-827.148671393531
4.427,-826.87343975279
4.428,-826.598632730369
4.429,-826.324251653917
4.43,-826.050297847235
4.431,-825.776772630277
4.432,-825.503677319075
4.433,-825.231013225869
4.434,-824.958781658961
4.435,-824.68698392282
4.436,-824.415621318059
4.437,-824.144695141392
4.438,-823.874206685685
4.439,-823.60415723994
4.44,-823.334548089265
4.441,-823.065380514931
4.442,-822.79665579433
4.443,-822.528375200954
4.444,-822.260540004478
4.445,-821.993151470696
4.446,-821.726210861512
4.447,-821.459719434995
4.448,-821.193678445305
4.449,-820.928089142791
4.45,-820.662952773897
4.451,-820.398270581225
4.452,-820.134043803488
4.453,-819.870273675577
4.454,-819.606961428493
4.455,-819.344108289391
4.456,-819.081715481538
4.457,-818.819784224365
4.458,-818.558315733462
4.459,-818.297311220535
4.46,-818.03677189345
4.461,-817.776698956218
4.462,-817.517093608986
4.463,-817.257957048069
4.464,-816.999290465924
4.465,-816.741095051162
4.466,-816.483371988535
4.467,-816.22612245898
4.468,-815.969347639548
4.469,-815.713048703508
4.47,-815.457226820235
4.471,-815.201883155298
4.472,-814.947018870401
4.473,-814.692635123464
4.474,-814.438733068527
4.475,-814.185313855823
4.476,-813.932378631746
4.477,-813.679928538891
4.478,-813.42796471599
4.479,-813.17648829799
4.48,-812.925500415997
4.481,-812.675002197306
4.482,-812.424994765402
4.483,-812.175479239953
4.484,-811.926456736826
4.485,-811.677928368066
4.486,-811.429895241918
4.487,-811.182358462845
4.488,-810.935319131478
4.489,-810.688778344682
4.49,-810.442737195505
4.491,-810.19719677322
4.492,-809.952158163273
4.493,-809.707622447396
4.494,-809.463590703465
4.495,-809.220064005622
4.496,-808.977043424205
4.497,-808.734530025795
4.498,-808.49252487318
4.499,-808.251029025389
4.5,-808.010043537723
4.501,-807.769569461639
4.502,-807.529607844899
4.503,-807.290159731495
4.504,-807.051226161637
4.505,-806.812808171822
4.506,-806.574906794785
4.507,-806.337523059499
4.508,-806.100657991213
4.509,-805.864312611433
4.51,-805.628487937952
4.511,-805.393184984777
4.512,-805.158404762253
4.513,-804.924148276942
4.514,-804.690416531712
4.515,-804.457210525715
4.516,-804.224531254392
4.517,-803.992379709436
4.518,-803.760756878871
4.519,-803.529663747016
4.52,-803.299101294432
4.521,-803.069070498056
4.522,-802.839572331093
4.523,-802.610607763065
4.524,-802.382177759771
4.525,-802.154283283389
4.526,-801.926925292376
4.527,-801.700104741512
4.528,-801.473822581909
4.529,-801.248079761007
4.53,-801.022877222596
4.531,-800.798215906769
4.532,-800.574096749976
4.533,-800.350520685035
4.534,-800.127488641063
4.535,-799.905001543565
4.536,-799.683060314385
4.537,-799.461665871735
4.538,-799.240819130172
4.539,-799.020521000631
4.54,-798.800772390411
4.541,-798.581574203183
4.542,-798.36292733901
4.543,-798.144832694317
4.544,-797.927291161896
4.545,-797.710303630974
4.546,-797.493870987109
4.547,-797.277994112315
4.548,-797.062673884948
4.549,-796.847911179809
4.55,-796.633706868055
4.551,-796.420061817313
4.552,-796.206976891581
4.553,-795.994452951263
4.554,-795.782490853208
4.555,-795.571091450692
4.556,-795.360255593395
4.557,-795.149984127415
4.558,-794.940277895353
4.559,-794.731137736165
4.56,-794.522564485284
4.561,-794.314558974569
4.562,-794.107122032364
4.563,-793.90025448342
4.564,-793.693957148978
4.565,-793.488230846722
4.566,-793.28307639078
4.567,-793.078494591761
4.568,-792.874486256747
4.569,-792.6710521893
4.57,-792.468193189408
4.571,-792.265910053613
4.572,-792.064203574845
4.573,-791.8630745426
4.574,-791.662523742823
4.575,-791.462551957962
4.576,-791.26315996696
4.577,-791.064348545239
4.578,-790.866118464752
4.579,-790.668470493928
4.58,-790.471405397717
4.581,-790.274923937577
4.582,-790.079026871493
4.583,-789.883714953937
4.584,-789.688988935913
4.585,-789.494849564968
4.586,-789.301297585134
4.587,-789.108333737023
4.588,-788.915958757725
4.589,-788.724173380893
4.59,-788.532978336741
4.591,-788.342374351956
4.592,-788.152362149835
4.593,-787.962942450189
4.594,-787.774115969363
4.595,-787.585883420292
4.596,-787.39824551243
4.597,-787.211202951817
4.598,-787.024756441025
4.599,-786.838906679183
4.6,-786.653654362031
4.601,-786.469000181821
4.602,-786.284944827398
4.603,-786.101488984205
4.604,-785.918633334172
4.605,-785.736378555931
4.606,-785.55472532458
4.607,-785.373674311835
4.608,-785.193226186041
4.609,-785.013381612066
4.61,-784.834141251381
4.611,-784.655505762063
4.612,-784.477475798752
4.613,-784.300052012723
4.614,-784.123235051797
4.615,-783.947025560425
4.616,-783.771424179641
4.617,-783.596431547093
4.618,-783.422048297011
4.619,-783.248275060243
4.62,-783.075112464246
4.621,-782.902561133059
4.622,-782.730621687366
4.623,-782.559294744417
4.624,-782.388580918115
4.625,-782.218480818938
4.626,-782.048995054022
4.627,-781.880124227059
4.628,-781.711868938421
4.629,-781.544229785053
4.63,-781.377207360493
4.631,-781.210802255
4.632,-781.045015055329
4.633,-780.879846344951
4.634,-780.715296703901
4.635,-780.551366708865
4.636,-780.388056933134
4.637,-780.225367946636
4.638,-780.063300315928
4.639,-779.901854604155
4.64,-779.741031371121
4.641,-779.580831173266
4.642,-779.421254563617
4.643,-779.262302091843
4.644,-779.103974304237
4.645,-778.946271743735
4.646,-778.789194949862
4.647,-778.632744458792
4.648,-778.476920803345
4.649,-778.321724512919
4.65,-778.167156113559
4.651,-778.01321612795
4.652,-777.859905075357
4.653,-777.707223471716
4.654,-777.555171829559
4.655,-777.403750658048
4.656,-777.252960462951
4.657,-777.10280174668
4.658,-776.953275008232
4.659,-776.804380743267
4.66,-776.656119444
4.661,-776.50849159933
4.662,-776.361497694739
4.663,-776.215138212305
4.664,-776.069413630708
4.665,-775.924324425307
4.666,-775.77987106798
4.667,-775.636054027286
4.668,-775.492873768323
4.669,-775.350330752861
4.67,-775.20842543919
4.671,-775.067158282266
4.672,-774.92652973361
4.673,-774.786540241331
4.674,-774.647190250138
4.675,-774.508480201334
4.676,-774.370410532815
4.677,-774.232981679029
4.678,-774.096194071006
4.679,-773.960048136405
4.68,-773.824544299401
4.681,-773.689682980765
4.682,-773.555464597848
4.683,-773.421889564511
4.684,-773.288958291265
4.685,-773.156671185109
4.686,-773.025028649586
4.687,-772.894031084865
4.688,-772.763678887583
4.689,-772.63397245097
4.69,-772.504912164766
4.691,-772.376498415254
4.692,-772.248731585255
4.693,-772.121612054088
4.694,-771.995140197641
4.695,-771.869316388254
4.696,-771.744140994849
4.697,-771.619614382798
4.698,-771.495736913996
4.699,-771.372508946826
4.7,-771.249930836185
4.701,-771.128002933424
4.702,-771.006725586416
4.703,-770.886099139448
4.704,-770.766123933323
4.705,-770.646800305299
4.706,-770.52812858909
4.707,-770.410109114842
4.708,-770.292742209175
4.709,-770.176028195127
4.71,-770.059967392178
4.711,-769.944560116209
4.712,-769.829806679558
4.713,-769.71570739095
4.714,-769.602262555538
4.715,-769.489472474836
4.716,-769.37733744675
4.717,-769.265857765607
4.718,-769.155033722084
4.719,-769.044865603228
4.72,-768.935353692445
4.721,-768.826498269507
4.722,-768.718299610485
4.723,-768.61075798783
4.724,-768.50387367032
4.725,-768.397646923003
4.726,-768.292078007303
4.727,-768.187167180897
4.728,-768.082914697773
4.729,-767.979320808192
4.73,-767.876385758694
4.731,-767.774109792077
4.732,-767.672493147408
4.733,-767.571536059978
4.734,-767.471238761298
4.735,-767.371601479174
4.736,-767.272624437554
4.737,-767.174307856604
4.738,-767.076651952727
4.739,-766.979656938444
4.74,-766.883323022489
4.741,-766.787650409731
4.742,-766.692639301231
4.743,-766.598289894141
4.744,-766.504602381759
4.745,-766.411576953502
4.746,-766.319213794877
4.747,-766.227513087491
4.748,-766.136475009033
4.749,-766.046099733261
4.75,-765.95638742995
4.751,-765.867338264975
4.752,-765.778952400186
4.753,-765.691229993478
4.754,-765.604171198749
4.755,-765.517776165856
4.756,-765.432045040655
4.757,-765.346977964954
4.758,-765.262575076531
4.759,-765.178836509064
4.76,-765.095762392156
4.761,-765.013352851313
4.762,-764.931608007954
4.763,-764.850527979343
4.764,-764.770112878608
4.765,-764.690362814743
4.766,-764.611277892534
4.767,-764.532858212594
4.768,-764.455103871364
4.769,-764.378014961
4.77,-764.301591569473
4.771,-764.225833780496
4.772,-764.15074167348
4.773,-764.076315323595
4.774,-764.002554801684
4.775,-763.929460174252
4.776,-763.857031503498
4.777,-763.78526884724
4.778,-763.714172258927
4.779,-763.643741787634
4.78,-763.573977478012
4.781,-763.504879370268
4.782,-763.436447500198
4.783,-763.368681899077
4.784,-763.301582593751
4.785,-763.23514960651
4.786,-763.169382955169
4.787,-763.104282652947
4.788,-763.039848708524
4.789,-762.976081125991
4.79,-762.912979904838
4.791,-762.850545039902
4.792,-762.788776521411
4.793,-762.727674334899
4.794,-762.667238461177
4.795,-762.607468876417
4.796,-762.54836555199
4.797,-762.489928454543
4.798,-762.432157545933
4.799,-762.375052783214
4.8,-762.318614118602
4.801,-762.262841499484
4.802,-762.207734868377
4.803,-762.153294162868
4.804,-762.099519315665
4.805,-762.046410254494
4.806,-761.993966902138
4.807,-761.942189176381
4.808,-761.891076989977
4.809,-761.840630250639
4.81,-761.790848861022
4.811,-761.741732718666
4.812,-761.693281716012
4.813,-761.645495740334
4.814,-761.598374673735
4.815,-761.551918393115
4.816,-761.506126770169
4.817,-761.460999671292
4.818,-761.416536957614
4.819,-761.372738484986
4.82,-761.329604103854
4.821,-761.287133659341
4.822,-761.245326991185
4.823,-761.204183933649
4.824,-761.163704315583
4.825,-761.123887960302
4.826,-761.084734685648
4.827,-761.046244303924
4.828,-761.008416621828
4.829,-760.97125144043
4.83,-760.934748555224
4.831,-760.898907755974
4.832,-760.863728826791
4.833,-760.829211545996
4.834,-760.795355686203
4.835,-760.762161014175
4.836,-760.729627290892
4.837,-760.697754271406
4.838,-760.666541704926
4.839,-760.63598933471
4.84,-760.60609689804
4.841,-760.576864126213
4.842,-760.548290744431
4.843,-760.520376471921
4.844,-760.493121021716
4.845,-760.466524100771
4.846,-760.4405854098
4.847,-760.415304643331
4.848,-760.390681489657
4.849,-760.366715630726
4.85,-760.343406742231
4.851,-760.320754493414
4.852,-760.298758547185
4.853,-760.27741855998
4.854,-760.256734181745
4.855,-760.236705055912
4.856,-760.217330819366
4.857,-760.198611102355
4.858,-760.180545528523
4.859,-760.163133714825
4.86,-760.146375271455
4.861,-760.13026980188
4.862,-760.114816902762
4.863,-760.1000161639
4.864,-760.085867168188
4.865,-760.072369491612
4.866,-760.059522703154
4.867,-760.047326364783
4.868,-760.035780031451
4.869,-760.024883250886
4.87,-760.014635563779
4.871,-760.005036503542
4.872,-759.996085596372
4.873,-759.987782361183
4.874,-759.980126309518
4.875,-759.973116945565
4.876,-759.966753766071
4.877,-759.961036260272
4.878,-759.955963909917
4.879,-759.951536189165
4.88,-759.947752564532
4.881,-759.944612494877
4.882,-759.942115431323
4.883,-759.940260817223
4.884,-759.9390480881
4.885,-759.938476671601
4.886,-759.938545987459
4.887,-759.939255447393
4.888,-759.940604455116
4.889,-759.942592406247
4.89,-759.945218688281
4.891,-759.948482680481
4.892,-759.952383753925
4.893,-759.956921271321
4.894,-759.962094587076
4.895,-759.967903047135
4.896,-759.974345989032
4.897,-759.981422741743
4.898,-759.989132625687
4.899,-759.997474952613
4.9,-760.006449025579
4.901,-760.016054138932
4.902,-760.026289578143
4.903,-760.037154619883
4.904,-760.048648531834
4.905,-760.060770572693
4.906,-760.073519992143
4.907,-760.086896030719
4.908,-760.100897919802
4.909,-760.115524881515
4.91,-760.130776128706
4.911,-760.146650864827
4.912,-760.163148283958
4.913,-760.180267570649
4.914,-760.198007899893
4.915,-760.216368437093
4.916,-760.23534833793
4.917,-760.25494674836
4.918,-760.275162804535
4.919,-760.295995632674
4.92,-760.317444349077
4.921,-760.33950806004
4.922,-760.3621858617
4.923,-760.385476840112
4.924,-760.409380071076
4.925,-760.433894620074
4.926,-760.459019542216
4.927,-760.484753882223
4.928,-760.511096674238
4.929,-760.53804694185
4.93,-760.565603697995
4.931,-760.593765944831
4.932,-760.622532673766
4.933,-760.651902865296
4.934,-760.68187548895
4.935,-760.712449503243
4.936,-760.743623855574
4.937,-760.775397482154
4.938,-760.807769307913
4.939,-760.840738246452
4.94,-760.874303199957
4.941,-760.908463059088
4.942,-760.94321670294
4.943,-760.978562998935
4.944,-761.014500802761
4.945,-761.051028958273
4.946,-761.088146297411
4.947,-761.125851640123
4.948,-761.164143794265
4.949,-761.203021555586
4.95,-761.24248370753
4.951,-761.282529021227
4.952,-761.323156255415
4.953,-761.364364156288
4.954,-761.406151457457
4.955,-761.448516879859
4.956,-761.49145913166
4.957,-761.53497690816
4.958,-761.579068891722
4.959,-761.62373375164
4.96,-761.668970144098
4.961,-761.714776712064
4.962,-761.76115208514
4.963,-761.808094879559
4.964,-761.85560369804
4.965,-761.903677129689
4.966,-761.952313749927
4.967,-762.001512120355
4.968,-762.051270788723
4.969,-762.101588288769
4.97,-762.152463140126
4.971,-762.203893848272
4.972,-762.255878904402
4.973,-762.308416785284
4.974,-762.361505953218
4.975,-762.41514485593
4.976,-762.469331926448
4.977,-762.524065582972
4.978,-762.579344228829
4.979,-762.635166252326
4.98,-762.69153002668
4.981,-762.748433909832
4.982,-762.805876244476
4.983,-762.863855357809
4.984,-762.922369561514
4.985,-762.981417151601
4.986,-763.040996408343
4.987,-763.101105596118
4.988,-763.161742963323
4.989,-763.222906742264
4.99,-763.284595149003
4.991,-763.346806383326
4.992,-763.409538628533
4.993,-763.472790051382
4.994,-763.536558801945
4.995,-763.600843013524
4.996,-763.665640802525
4.997,-763.730950268245
4.998,-763.796769492918
4.999,-763.863096541463
5,-763.929929461416
