Freq(GHz),S11 Log Mag(dB)
1.5,0.066222355
1.501,0.042008027
1.502,0.029527357
1.503,0.015955925
1.504,0.018311501
1.505,-0.0031664933
1.506,-0.028056158
1.507,0.0007702529
1.508,0.0072109429
1.509,0.0013448321
1.51,0.024483953
1.511,0.029213497
1.512,-0.0084553249
1.513,0.0021847726
1.514,0.00085236796
1.515,0.0024858129
1.516,-0.01040409
1.517,-0.03947578
1.518,-0.026882643
1.519,-0.063511565
1.52,-0.049009994
1.521,-0.077920571
1.522,-0.067470402
1.523,-0.098792113
1.524,-0.056238275
1.525,-0.10253738
1.526,-0.047313504
1.527,-0.076130614
1.528,-0.11728656
1.529,-0.12492389
1.53,-0.13586201
1.531,-0.070566148
1.532,-0.12327164
1.533,-0.098094307
1.534,-0.12411334
1.535,-0.10109317
1.536,-0.11727429
1.537,-0.09170422
1.538,-0.092565499
1.539,-0.0895463
1.54,-0.097255431
1.541,-0.094448276
1.542,-0.081932053
1.543,-0.074661329
1.544,-0.089629248
1.545,-0.10066172
1.546,-0.060929015
1.547,-0.080080368
1.548,-0.091543093
1.549,-0.054615371
1.55,-0.056973994
1.551,-0.062471014
1.552,-0.063780949
1.553,-0.047029547
1.554,-0.063934974
1.555,-0.060988501
1.556,-0.037288856
1.557,-0.075689405
1.558,-0.041066069
1.559,-0.065695465
1.56,-0.072342418
1.561,-0.059026081
1.562,-0.093499929
1.563,-0.0066941041
1.564,-0.081286244
1.565,-0.042870998
1.566,-0.037155617
1.567,-0.047366932
1.568,-0.058078974
1.569,-0.062839523
1.57,-0.032803278
1.571,-0.080748782
1.572,-0.033976704
1.573,-0.042886987
1.574,-0.019236047
1.575,-0.030345114
1.576,-0.050155766
1.577,-0.031070493
1.578,-0.023331409
1.579,-0.033309899
1.58,-0.047552533
1.581,-0.012539514
1.582,-0.0032160298
1.583,-0.033868026
1.584,0.041931875
1.585,-0.056974478
1.586,0.0054710461
1.587,-0.051305965
1.588,-0.035888229
1.589,-0.0042163879
1.59,-0.058565952
1.591,-0.02721522
1.592,-0.070616685
1.593,0.0039010413
1.594,-0.044481553
1.595,-0.044497181
1.596,-0.017679119
1.597,-0.043046158
1.598,-0.0081794737
1.599,-0.060878195
1.6,-0.028750343
1.601,-0.050596524
1.602,-0.02461417
1.603,-0.042776965
1.604,-0.05360416
1.605,-0.019638486
1.606,-0.03237107
1.607,-0.00094719185
1.608,-0.013010624
1.609,-0.054591328
1.61,-0.0061032712
1.611,-0.0060869139
1.612,-0.0014752535
1.613,-0.0053051836
1.614,-0.029014176
1.615,0.010685625
1.616,0.0027384982
1.617,0.010587699
1.618,0.028370274
1.619,0.044886898
1.62,0.034951899
1.621,0.046163317
1.622,0.091421656
1.623,0.055159718
1.624,0.085505582
1.625,0.08726313
1.626,0.099894799
1.627,0.088729538
1.628,0.11226042
1.629,0.12590824
1.63,0.14130898
1.631,0.15626749
1.632,0.18570657
1.633,0.17964271
1.634,0.15243842
1.635,0.16185203
1.636,0.211659
1.637,0.18933934
1.638,0.20437858
1.639,0.25292614
1.64,0.24243784
1.641,0.26534009
1.642,0.24467596
1.643,0.26706964
1.644,0.32657447
1.645,0.30432576
1.646,0.30820587
1.647,0.31268567
1.648,0.31143653
1.649,0.34912363
1.65,0.33404973
1.651,0.35353217
1.652,0.38677108
1.653,0.3961812
1.654,0.4070549
1.655,0.38829896
1.656,0.42231807
1.657,0.36487296
1.658,0.41373336
1.659,0.42396364
1.66,0.4390308
1.661,0.43188071
1.662,0.43233281
1.663,0.42299604
1.664,0.4310506
1.665,0.39951965
1.666,0.46659017
1.667,0.45248359
1.668,0.41741246
1.669,0.42517182
1.67,0.41272742
1.671,0.41817689
1.672,0.43649179
1.673,0.43142819
1.674,0.44380376
1.675,0.41198885
1.676,0.40445644
1.677,0.40248731
1.678,0.38588232
1.679,0.40160593
1.68,0.36660701
1.681,0.39390716
1.682,0.37263039
1.683,0.33613712
1.684,0.38070926
1.685,0.37548542
1.686,0.35842574
1.687,0.34206682
1.688,0.31044799
1.689,0.31711423
1.69,0.3243348
1.691,0.32022125
1.692,0.27895051
1.693,0.31227073
1.694,0.30057958
1.695,0.30570501
1.696,0.25046933
1.697,0.25601044
1.698,0.26280138
1.699,0.24343856
1.7,0.23849848
1.701,0.20639278
1.702,0.23160085
1.703,0.21098737
1.704,0.16908254
1.705,0.16446686
1.706,0.17177524
1.707,0.21700449
1.708,0.13504553
1.709,0.19612138
1.71,0.1701638
1.711,0.13334814
1.712,0.12490451
1.713,0.12116452
1.714,0.091404065
1.715,0.081088766
1.716,0.094394498
1.717,0.037292976
1.718,0.054656446
1.719,0.013199085
1.72,0.0083125746
1.721,-0.0036314048
1.722,-0.0056671537
1.723,-0.027539821
1.724,-0.088295229
1.725,-0.087693892
1.726,-0.047084369
1.727,-0.1346205
1.728,-0.10514259
1.729,-0.11663309
1.73,-0.15123603
1.731,-0.14682803
1.732,-0.17457876
1.733,-0.1978718
1.734,-0.26822126
1.735,-0.23991594
1.736,-0.27594578
1.737,-0.29029122
1.738,-0.28852293
1.739,-0.28129938
1.74,-0.31527403
1.741,-0.3209013
1.742,-0.32582539
1.743,-0.36113656
1.744,-0.38432497
1.745,-0.41228589
1.746,-0.40702736
1.747,-0.40452427
1.748,-0.4418385
1.749,-0.43192923
1.75,-0.43795589
1.751,-0.45948419
1.752,-0.45421717
1.753,-0.50567067
1.754,-0.50235814
1.755,-0.47765437
1.756,-0.49458903
1.757,-0.48473468
1.758,-0.53658134
1.759,-0.52848768
1.76,-0.51053536
1.761,-0.54739296
1.762,-0.53065413
1.763,-0.56696868
1.764,-0.57727808
1.765,-0.59231138
1.766,-0.55987781
1.767,-0.56829274
1.768,-0.60643363
1.769,-0.56757921
1.77,-0.62268025
1.771,-0.58095109
1.772,-0.63132912
1.773,-0.55152023
1.774,-0.62760878
1.775,-0.67226326
1.776,-0.64593989
1.777,-0.67628497
1.778,-0.68954134
1.779,-0.63868237
1.78,-0.64708781
1.781,-0.65887892
1.782,-0.64455187
1.783,-0.6371749
1.784,-0.61745495
1.785,-0.6412161
1.786,-0.65428704
1.787,-0.66737819
1.788,-0.64125371
1.789,-0.62305737
1.79,-0.61187452
1.791,-0.63291138
1.792,-0.61465669
1.793,-0.57035238
1.794,-0.57378912
1.795,-0.59523302
1.796,-0.56222045
1.797,-0.61406392
1.798,-0.58453363
1.799,-0.57983923
1.8,-0.60706478
1.801,-0.56558281
1.802,-0.52766258
1.803,-0.54950237
1.804,-0.60101205
1.805,-0.59288144
1.806,-0.60320711
1.807,-0.60464227
1.808,-0.6439237
1.809,-0.62074679
1.81,-0.59370947
1.811,-0.61390376
1.812,-0.57758611
1.813,-0.57052517
1.814,-0.6228947
1.815,-0.62026232
1.816,-0.60439408
1.817,-0.60681766
1.818,-0.63726491
1.819,-0.63551205
1.82,-0.62353706
1.821,-0.63266438
1.822,-0.64801407
1.823,-0.56816506
1.824,-0.63335186
1.825,-0.64787012
1.826,-0.62000817
1.827,-0.632384
1.828,-0.63002503
1.829,-0.64196569
1.83,-0.67658395
1.831,-0.66356581
1.832,-0.65385449
1.833,-0.63882494
1.834,-0.66242689
1.835,-0.69106293
1.836,-0.68132252
1.837,-0.67434132
1.838,-0.72626865
1.839,-0.69436479
1.84,-0.69965023
1.841,-0.71430165
1.842,-0.71831864
1.843,-0.74491674
1.844,-0.72299379
1.845,-0.7475211
1.846,-0.78805888
1.847,-0.77412701
1.848,-0.79977524
1.849,-0.81378829
1.85,-0.78630507
1.851,-0.83894497
1.852,-0.83095896
1.853,-0.83845079
1.854,-0.84006983
1.855,-0.85545218
1.856,-0.8720116
1.857,-0.91425884
1.858,-0.9168911
1.859,-0.91666645
1.86,-0.90643501
1.861,-0.96295917
1.862,-0.99444467
1.863,-1.0189017
1.864,-1.0016975
1.865,-1.0466225
1.866,-1.0325272
1.867,-1.0999516
1.868,-1.1011827
1.869,-1.1421469
1.87,-1.1041502
1.871,-1.143488
1.872,-1.17786
1.873,-1.1437436
1.874,-1.172276
1.875,-1.1965595
1.876,-1.2234011
1.877,-1.2507441
1.878,-1.2746972
1.879,-1.2687734
1.88,-1.2677078
1.881,-1.3339682
1.882,-1.3325527
1.883,-1.3250837
1.884,-1.4039394
1.885,-1.3548249
1.886,-1.3942555
1.887,-1.4465888
1.888,-1.421375
1.889,-1.4574221
1.89,-1.442911
1.891,-1.4818856
1.892,-1.5436246
1.893,-1.5478467
1.894,-1.5547042
1.895,-1.5543507
1.896,-1.6093317
1.897,-1.6335317
1.898,-1.6598482
1.899,-1.6869558
1.9,-1.702661
1.901,-1.7393708
1.902,-1.6656917
1.903,-1.7357668
1.904,-1.811638
1.905,-1.8288112
1.906,-1.8429718
1.907,-1.9124103
1.908,-1.9179831
1.909,-1.9264179
1.91,-1.9028207
1.911,-1.9577572
1.912,-2.0054073
1.913,-2.0217123
1.914,-2.1115317
1.915,-2.0517628
1.916,-2.0928152
1.917,-2.1175494
1.918,-2.1404874
1.919,-2.1691093
1.92,-2.1639843
1.921,-2.2074659
1.922,-2.237272
1.923,-2.2740149
1.924,-2.3070493
1.925,-2.2728329
1.926,-2.299531
1.927,-2.3755939
1.928,-2.3996627
1.929,-2.4078605
1.93,-2.4478471
1.931,-2.4811959
1.932,-2.5152328
1.933,-2.509073
1.934,-2.4999416
1.935,-2.5252442
1.936,-2.5324111
1.937,-2.5618603
1.938,-2.5405395
1.939,-2.5774682
1.94,-2.5905368
1.941,-2.5997095
1.942,-2.6670008
1.943,-2.6481981
1.944,-2.6044209
1.945,-2.6594498
1.946,-2.5957224
1.947,-2.6537418
1.948,-2.662555
1.949,-2.6311021
1.95,-2.6798351
1.951,-2.6400058
1.952,-2.6726801
1.953,-2.6680448
1.954,-2.6638544
1.955,-2.6555696
1.956,-2.6607296
1.957,-2.6627393
1.958,-2.6936922
1.959,-2.6988599
1.96,-2.6935911
1.961,-2.6832101
1.962,-2.6863999
1.963,-2.6501093
1.964,-2.6894712
1.965,-2.6514444
1.966,-2.6576881
1.967,-2.6874642
1.968,-2.66486
1.969,-2.6763813
1.97,-2.6446013
1.971,-2.6620939
1.972,-2.657629
1.973,-2.5990574
1.974,-2.5614135
1.975,-2.5337279
1.976,-2.5565405
1.977,-2.53072
1.978,-2.510422
1.979,-2.5230896
1.98,-2.5060899
1.981,-2.5123031
1.982,-2.5109921
1.983,-2.4789164
1.984,-2.4970028
1.985,-2.459357
1.986,-2.4144626
1.987,-2.4088356
1.988,-2.4248805
1.989,-2.3582406
1.99,-2.4031396
1.991,-2.3231962
1.992,-2.3694458
1.993,-2.3108447
1.994,-2.3290875
1.995,-2.2956331
1.996,-2.3004506
1.997,-2.3003144
1.998,-2.3120594
1.999,-2.2472396
2.0,-2.3082547
2.001,-2.2720115
2.002,-2.254879
2.003,-2.3098786
2.004,-2.2841258
2.005,-2.2862661
2.006,-2.2595947
2.007,-2.2981625
2.008,-2.2676008
2.009,-2.2756557
2.01,-2.2874651
2.011,-2.333921
2.012,-2.3293085
2.013,-2.3562565
2.014,-2.3392529
2.015,-2.297699
2.016,-2.3335598
2.017,-2.3234863
2.018,-2.3287444
2.019,-2.3649607
2.02,-2.3325491
2.021,-2.4008951
2.022,-2.4042196
2.023,-2.3981311
2.024,-2.3920441
2.025,-2.4268851
2.026,-2.4336448
2.027,-2.4382541
2.028,-2.4353323
2.029,-2.4456306
2.03,-2.4666011
2.031,-2.4373071
2.032,-2.4534707
2.033,-2.4779875
2.034,-2.4546728
2.035,-2.5208006
2.036,-2.4957981
2.037,-2.5406811
2.038,-2.5094707
2.039,-2.5005255
2.04,-2.5731318
2.041,-2.5723538
2.042,-2.6109791
2.043,-2.6530051
2.044,-2.6153741
2.045,-2.6576724
2.046,-2.6868837
2.047,-2.6921828
2.048,-2.6767533
2.049,-2.6995847
2.05,-2.7217066
2.051,-2.726728
2.052,-2.7818837
2.053,-2.7388942
2.054,-2.7620382
2.055,-2.7759159
2.056,-2.7968776
2.057,-2.7560925
2.058,-2.7377746
2.059,-2.7705491
2.06,-2.7970772
2.061,-2.7995346
2.062,-2.8115697
2.063,-2.8319674
2.064,-2.8049176
2.065,-2.8251894
2.066,-2.8376338
2.067,-2.7846549
2.068,-2.8192954
2.069,-2.8412681
2.07,-2.8414853
2.071,-2.8323755
2.072,-2.7811787
2.073,-2.8028855
2.074,-2.7980309
2.075,-2.7849369
2.076,-2.7681801
2.077,-2.7589412
2.078,-2.7941706
2.079,-2.7527275
2.08,-2.7549646
2.081,-2.7024326
2.082,-2.7172673
2.083,-2.7241247
2.084,-2.6684167
2.085,-2.6418037
2.086,-2.6468673
2.087,-2.6256537
2.088,-2.6714408
2.089,-2.6306591
2.09,-2.5579064
2.091,-2.5146358
2.092,-2.5342774
2.093,-2.4729059
2.094,-2.5017045
2.095,-2.4554317
2.096,-2.4331684
2.097,-2.400274
2.098,-2.4041386
2.099,-2.3422086
2.1,-2.368072
2.101,-2.3271871
2.102,-2.3239074
2.103,-2.2309992
2.104,-2.2495661
2.105,-2.2257316
2.106,-2.1694136
2.107,-2.1555572
2.108,-2.0863125
2.109,-2.1081624
2.11,-2.0791521
2.111,-2.0675831
2.112,-2.0278778
2.113,-2.0398238
2.114,-1.9990752
2.115,-1.9564108
2.116,-1.9213386
2.117,-1.873423
2.118,-1.8830301
2.119,-1.824036
2.12,-1.8166598
2.121,-1.8040776
2.122,-1.7525253
2.123,-1.7600943
2.124,-1.7278262
2.125,-1.6645373
2.126,-1.6992056
2.127,-1.6660496
2.128,-1.6280477
2.129,-1.6184781
2.13,-1.5911369
2.131,-1.5151938
2.132,-1.5383239
2.133,-1.5209945
2.134,-1.4937764
2.135,-1.4636942
2.136,-1.4474882
2.137,-1.4668602
2.138,-1.4147447
2.139,-1.4327774
2.14,-1.4251771
2.141,-1.3640617
2.142,-1.3718103
2.143,-1.3316407
2.144,-1.3705342
2.145,-1.3610835
2.146,-1.3270798
2.147,-1.3214785
2.148,-1.3344454
2.149,-1.3174495
2.15,-1.299401
2.151,-1.3307717
2.152,-1.3101317
2.153,-1.3107374
2.154,-1.2626324
2.155,-1.2522869
2.156,-1.2994556
2.157,-1.3012112
2.158,-1.264255
2.159,-1.2780484
2.16,-1.2347001
2.161,-1.2751937
2.162,-1.2553178
2.163,-1.2494797
2.164,-1.2732497
2.165,-1.2534089
2.166,-1.2242956
2.167,-1.228407
2.168,-1.2249382
2.169,-1.2024646
2.17,-1.2115858
2.171,-1.1882446
2.172,-1.1452321
2.173,-1.1598597
2.174,-1.1534935
2.175,-1.1473154
2.176,-1.1162024
2.177,-1.0531429
2.178,-1.0651152
2.179,-1.0337164
2.18,-1.0143999
2.181,-0.99506176
2.182,-0.99081296
2.183,-0.9474929
2.184,-0.95364743
2.185,-0.918001
2.186,-0.88714939
2.187,-0.87776327
2.188,-0.79136312
2.189,-0.75457484
2.19,-0.72708845
2.191,-0.6950081
2.192,-0.64708716
2.193,-0.63376707
2.194,-0.57756257
2.195,-0.55160695
2.196,-0.56380403
2.197,-0.52950078
2.198,-0.45421216
2.199,-0.45933965
2.2,-0.41745329
2.201,-0.34395546
2.202,-0.36057612
2.203,-0.30523014
2.204,-0.32565454
2.205,-0.32002494
2.206,-0.28418761
2.207,-0.24419063
2.208,-0.21596645
2.209,-0.22814947
2.21,-0.18963972
2.211,-0.2167763
2.212,-0.16067173
2.213,-0.15285036
2.214,-0.07318905
2.215,-0.089946739
2.216,-0.10866934
2.217,-0.061903417
2.218,-0.05793985
2.219,-0.051980581
2.22,-0.04062666
2.221,0.03715831
2.222,0.019786
2.223,0.067474306
2.224,0.10719763
2.225,0.05114587
2.226,0.10257324
2.227,0.13006881
2.228,0.16052862
2.229,0.16751975
2.23,0.16703074
2.231,0.22323374
2.232,0.23356284
2.233,0.23620465
2.234,0.24245375
2.235,0.25583926
2.236,0.26131985
2.237,0.30783758
2.238,0.30089492
2.239,0.35866725
2.24,0.37121427
2.241,0.38962623
2.242,0.36860079
2.243,0.43151346
2.244,0.43862829
2.245,0.44322252
2.246,0.47804147
2.247,0.50483912
2.248,0.55572724
2.249,0.56332767
2.25,0.53781343
2.251,0.53820884
2.252,0.61150944
2.253,0.63829905
2.254,0.63554013
2.255,0.65136397
2.256,0.70687962
2.257,0.70349622
2.258,0.73359746
2.259,0.78389204
2.26,0.77092093
2.261,0.79820138
2.262,0.83249182
2.263,0.85511756
2.264,0.85266995
2.265,0.91975081
2.266,0.93368828
2.267,0.94172454
2.268,0.9312076
2.269,0.96756893
2.27,0.9942556
2.271,1.0460457
2.272,1.0186647
2.273,0.99947858
2.274,1.0731543
2.275,1.0832714
2.276,1.1188306
2.277,1.0952851
2.278,1.1049392
2.279,1.1306049
2.28,1.1557574
2.281,1.1208574
2.282,1.1464466
2.283,1.1739682
2.284,1.1929495
2.285,1.18757
2.286,1.1905428
2.287,1.2055525
2.288,1.1985154
2.289,1.2409259
2.29,1.2560241
2.291,1.2427024
2.292,1.2372754
2.293,1.2262915
2.294,1.2689143
2.295,1.2509141
2.296,1.2290136
2.297,1.2495371
2.298,1.2386531
2.299,1.2370039
2.3,1.2345415
2.301,1.2458026
2.302,1.2402922
2.303,1.1834985
2.304,1.2080519
2.305,1.2053589
2.306,1.2035869
2.307,1.1799464
2.308,1.126173
2.309,1.1718564
2.31,1.0945333
2.311,1.1342362
2.312,1.1159105
2.313,1.0974997
2.314,1.1243657
2.315,1.0712806
2.316,1.0799677
2.317,1.0933148
2.318,1.0672053
2.319,0.99398321
2.32,1.0121853
2.321,1.0215305
2.322,0.99863911
2.323,1.0165716
2.324,0.97174597
2.325,0.97957265
2.326,0.96516252
2.327,0.94808096
2.328,0.91630948
2.329,0.92834926
2.33,0.92009538
2.331,0.89445168
2.332,0.89622545
2.333,0.85486597
2.334,0.83495784
2.335,0.81605524
2.336,0.78871596
2.337,0.78116441
2.338,0.76533717
2.339,0.71274316
2.34,0.7246328
2.341,0.67182767
2.342,0.67521542
2.343,0.66177219
2.344,0.62786782
2.345,0.6109221
2.346,0.58886683
2.347,0.57716358
2.348,0.55348098
2.349,0.54555905
2.35,0.51830989
2.351,0.50511402
2.352,0.49530411
2.353,0.462336
2.354,0.43562755
2.355,0.4244107
2.356,0.403312
2.357,0.37725556
2.358,0.35403129
2.359,0.31185594
2.36,0.33289719
2.361,0.33819383
2.362,0.29133204
2.363,0.28965247
2.364,0.27925122
2.365,0.24914888
2.366,0.24227121
2.367,0.2109928
2.368,0.18516718
2.369,0.18220927
2.37,0.18737264
2.371,0.14137615
2.372,0.14740734
2.373,0.15671754
2.374,0.14069775
2.375,0.13038532
2.376,0.094541378
2.377,0.097405769
2.378,0.064844579
2.379,0.075471848
2.38,0.077269398
2.381,0.05625055
2.382,0.040542081
2.383,0.017222205
2.384,0.023075778
2.385,0.015367998
2.386,0.0071867965
2.387,-0.0047871172
2.388,-0.026274983
2.389,-0.01991233
2.39,-0.038689516
2.391,-0.054118019
2.392,-0.080806062
2.393,-0.067809097
2.394,-0.10344134
2.395,-0.11018322
2.396,-0.10734378
2.397,-0.1077769
2.398,-0.11119967
2.399,-0.13598515
2.4,-0.14235222
2.401,-0.17222202
2.402,-0.16473369
2.403,-0.16602798
2.404,-0.15675679
2.405,-0.17026445
2.406,-0.17474608
2.407,-0.17366953
2.408,-0.19694419
2.409,-0.22695404
2.41,-0.2107576
2.411,-0.23204771
2.412,-0.23564032
2.413,-0.24281506
2.414,-0.24200201
2.415,-0.25695446
2.416,-0.27318558
2.417,-0.28650299
2.418,-0.28353566
2.419,-0.28615305
2.42,-0.27699023
2.421,-0.29820493
2.422,-0.30531394
2.423,-0.33677521
2.424,-0.34491718
2.425,-0.34419978
2.426,-0.3580322
2.427,-0.35888201
2.428,-0.36918095
2.429,-0.38502297
2.43,-0.38622627
2.431,-0.39352742
2.432,-0.42204356
2.433,-0.42881343
2.434,-0.40560898
2.435,-0.44560313
2.436,-0.4420222
2.437,-0.42604753
2.438,-0.46868837
2.439,-0.45602491
2.44,-0.4874956
2.441,-0.478726
2.442,-0.5000056
2.443,-0.5275625
2.444,-0.5198853
2.445,-0.53075886
2.446,-0.54227781
2.447,-0.53594095
2.448,-0.5458582
2.449,-0.54388636
2.45,-0.56870103
2.451,-0.58039236
2.452,-0.56195128
2.453,-0.58971065
2.454,-0.58941627
2.455,-0.6023103
2.456,-0.58924609
2.457,-0.61890507
2.458,-0.613217
2.459,-0.62916625
2.46,-0.62663317
2.461,-0.62759113
2.462,-0.63317597
2.463,-0.62961918
2.464,-0.66042501
2.465,-0.65874565
2.466,-0.66717672
2.467,-0.6604178
2.468,-0.68127382
2.469,-0.68131
2.47,-0.69219172
2.471,-0.70057386
2.472,-0.70070648
2.473,-0.71978599
2.474,-0.71682972
2.475,-0.73366135
2.476,-0.74023479
2.477,-0.73866278
2.478,-0.75382751
2.479,-0.75967717
2.48,-0.76948088
2.481,-0.76784074
2.482,-0.78760469
2.483,-0.77338392
2.484,-0.80894065
2.485,-0.80797017
2.486,-0.80236578
2.487,-0.82063484
2.488,-0.83793139
2.489,-0.82911086
2.49,-0.84006929
2.491,-0.84988481
2.492,-0.85044229
2.493,-0.86965799
2.494,-0.85099322
2.495,-0.87783527
2.496,-0.88902056
2.497,-0.90568227
2.498,-0.89233375
2.499,-0.89828342
2.5,-0.90684688
2.501,-0.91662169
2.502,-0.91854459
2.503,-0.92149997
2.504,-0.95113486
2.505,-0.92749161
2.506,-0.92968565
2.507,-0.94578755
2.508,-0.94129676
2.509,-0.95099461
2.51,-0.97451586
2.511,-0.9569912
2.512,-0.96064895
2.513,-0.96339625
2.514,-0.97172487
2.515,-0.96714544
2.516,-0.96455365
2.517,-1.0061469
2.518,-0.9718039
2.519,-0.99369687
2.52,-0.98276049
2.521,-1.0071175
2.522,-1.0002283
2.523,-0.99799174
2.524,-1.0138632
2.525,-1.027202
2.526,-1.0217948
2.527,-1.037892
2.528,-1.0178832
2.529,-1.028623
2.53,-1.044892
2.531,-1.0390956
2.532,-1.0333526
2.533,-1.0589362
2.534,-1.0689503
2.535,-1.0661906
2.536,-1.0817331
2.537,-1.0576067
2.538,-1.0792489
2.539,-1.0837637
2.54,-1.0849437
2.541,-1.0919851
2.542,-1.1017145
2.543,-1.1052905
2.544,-1.116811
2.545,-1.1187627
2.546,-1.1253431
2.547,-1.1389493
2.548,-1.1513164
2.549,-1.1474234
2.55,-1.1547629
2.551,-1.1539978
2.552,-1.165659
2.553,-1.1673272
2.554,-1.162469
2.555,-1.1583021
2.556,-1.1634529
2.557,-1.1839679
2.558,-1.1861101
2.559,-1.1932625
2.56,-1.1726696
2.561,-1.1809913
2.562,-1.1937616
2.563,-1.1759921
2.564,-1.1839741
2.565,-1.1938006
2.566,-1.18366
2.567,-1.2004932
2.568,-1.1805764
2.569,-1.18187
2.57,-1.2182266
2.571,-1.1833942
2.572,-1.1932243
2.573,-1.2050228
2.574,-1.204628
2.575,-1.2120841
2.576,-1.2062756
2.577,-1.1844268
2.578,-1.2054808
2.579,-1.1851345
2.58,-1.204643
2.581,-1.2193334
2.582,-1.2005111
2.583,-1.2086655
2.584,-1.2168094
2.585,-1.2293568
2.586,-1.2206309
2.587,-1.2153821
2.588,-1.2366686
2.589,-1.2259967
2.59,-1.2418329
2.591,-1.2324467
2.592,-1.232422
2.593,-1.2431318
2.594,-1.2292079
2.595,-1.2344273
2.596,-1.2304136
2.597,-1.2435849
2.598,-1.2513282
2.599,-1.2486835
2.6,-1.2587968
2.601,-1.2485131
2.602,-1.2403823
2.603,-1.2586521
2.604,-1.2630757
2.605,-1.2455591
2.606,-1.2419772
2.607,-1.2528609
2.608,-1.2428052
2.609,-1.2690659
2.61,-1.2442226
2.611,-1.2526996
2.612,-1.2439296
2.613,-1.2477995
2.614,-1.2348371
2.615,-1.2517433
2.616,-1.2576897
2.617,-1.2494026
2.618,-1.2443634
2.619,-1.2556511
2.62,-1.2559834
2.621,-1.2391065
2.622,-1.2212795
2.623,-1.2522312
2.624,-1.243825
2.625,-1.2348038
2.626,-1.2289537
2.627,-1.2397685
2.628,-1.2512057
2.629,-1.2378025
2.63,-1.220948
2.631,-1.2287811
2.632,-1.2395912
2.633,-1.2273026
2.634,-1.2350273
2.635,-1.2366112
2.636,-1.2189851
2.637,-1.2169377
2.638,-1.2161745
2.639,-1.2113307
2.64,-1.2242471
2.641,-1.2058634
2.642,-1.2032096
2.643,-1.1929457
2.644,-1.2103201
2.645,-1.205416
2.646,-1.2097204
2.647,-1.2082573
2.648,-1.1807903
2.649,-1.2008495
2.65,-1.1872255
2.651,-1.1849817
2.652,-1.1995183
2.653,-1.1795019
2.654,-1.1727262
2.655,-1.175705
2.656,-1.1834558
2.657,-1.1736401
2.658,-1.1640158
2.659,-1.1705871
2.66,-1.1706427
2.661,-1.1573684
2.662,-1.1731194
2.663,-1.1618068
2.664,-1.1688923
2.665,-1.1607041
2.666,-1.1695765
2.667,-1.1754807
2.668,-1.1596236
2.669,-1.1718392
2.67,-1.1765871
2.671,-1.1637495
2.672,-1.1650577
2.673,-1.1627715
2.674,-1.1676741
2.675,-1.1754465
2.676,-1.1622218
2.677,-1.1653078
2.678,-1.1848909
2.679,-1.1779757
2.68,-1.1873512
2.681,-1.1902535
2.682,-1.1696461
2.683,-1.1804954
2.684,-1.1802739
2.685,-1.1775221
2.686,-1.1730348
2.687,-1.1840613
2.688,-1.1658218
2.689,-1.1888508
2.69,-1.1663332
2.691,-1.1654868
2.692,-1.1783952
2.693,-1.1627964
2.694,-1.1738445
2.695,-1.1759531
2.696,-1.1438377
2.697,-1.1673549
2.698,-1.1395041
2.699,-1.1420518
2.7,-1.1473083
2.701,-1.1322018
2.702,-1.1486747
2.703,-1.1223209
2.704,-1.1256983
2.705,-1.1228122
2.706,-1.1286823
2.707,-1.1284707
2.708,-1.1205018
2.709,-1.1378566
2.71,-1.1201518
2.711,-1.134932
2.712,-1.1287826
2.713,-1.152784
2.714,-1.1428945
2.715,-1.1405119
2.716,-1.137069
2.717,-1.1444235
2.718,-1.1477392
2.719,-1.1473312
2.72,-1.1538376
2.721,-1.1393703
2.722,-1.1677915
2.723,-1.1444979
2.724,-1.1766247
2.725,-1.1770802
2.726,-1.1628951
2.727,-1.1842091
2.728,-1.1749364
2.729,-1.1758804
2.73,-1.1727352
2.731,-1.1938107
2.732,-1.163307
2.733,-1.1823686
2.734,-1.1816723
2.735,-1.2019985
2.736,-1.1991258
2.737,-1.1938612
2.738,-1.1939186
2.739,-1.1856053
2.74,-1.1739533
2.741,-1.1724479
2.742,-1.1664459
2.743,-1.1470624
2.744,-1.1665034
2.745,-1.1781504
2.746,-1.1604044
2.747,-1.1708622
2.748,-1.1629432
2.749,-1.165833
2.75,-1.1395653
2.751,-1.1599615
2.752,-1.1543721
2.753,-1.1650602
2.754,-1.1518927
2.755,-1.1621161
2.756,-1.1586653
2.757,-1.1671466
2.758,-1.1484112
2.759,-1.1528715
2.76,-1.1615719
2.761,-1.1388092
2.762,-1.1465954
2.763,-1.1378828
2.764,-1.1458365
2.765,-1.144955
2.766,-1.1326188
2.767,-1.1298937
2.768,-1.1445513
2.769,-1.1393656
2.77,-1.1354861
2.771,-1.1564466
2.772,-1.1305854
2.773,-1.1347979
2.774,-1.1403103
2.775,-1.1535164
2.776,-1.1554629
2.777,-1.1367661
2.778,-1.1272169
2.779,-1.1317115
2.78,-1.1456547
2.781,-1.1400231
2.782,-1.1502738
2.783,-1.1292722
2.784,-1.1303471
2.785,-1.1168799
2.786,-1.1265032
2.787,-1.1527917
2.788,-1.1265842
2.789,-1.1280026
2.79,-1.1122279
2.791,-1.1385263
2.792,-1.1139386
2.793,-1.1333619
2.794,-1.1263895
2.795,-1.1194106
2.796,-1.125387
2.797,-1.1276718
2.798,-1.1080872
2.799,-1.0860801
2.8,-1.0948747
2.801,-1.0774188
2.802,-1.0985581
2.803,-1.068408
2.804,-1.0707449
2.805,-1.0633119
2.806,-1.0373164
2.807,-1.0428244
2.808,-1.0389856
2.809,-1.027922
2.81,-1.0194596
2.811,-1.037587
2.812,-1.0093603
2.813,-1.0130306
2.814,-1.0202335
2.815,-1.0011834
2.816,-0.99709022
2.817,-1.0046071
2.818,-0.98556423
2.819,-0.99807549
2.82,-0.98691827
2.821,-0.98408192
2.822,-0.98134458
2.823,-0.97029334
2.824,-0.96388793
2.825,-0.95169431
2.826,-0.95048517
2.827,-0.95860207
2.828,-0.96454763
2.829,-0.95727259
2.83,-0.94788444
2.831,-0.94946539
2.832,-0.93223178
2.833,-0.94183326
2.834,-0.93247533
2.835,-0.94287747
2.836,-0.93790275
2.837,-0.941136
2.838,-0.94609416
2.839,-0.90586138
2.84,-0.93376958
2.841,-0.92642093
2.842,-0.93190533
2.843,-0.93665248
2.844,-0.93917722
2.845,-0.92277914
2.846,-0.93659037
2.847,-0.91939706
2.848,-0.92326903
2.849,-0.92588717
2.85,-0.91745132
2.851,-0.93800592
2.852,-0.91719609
2.853,-0.92934477
2.854,-0.91414553
2.855,-0.93900245
2.856,-0.93094003
2.857,-0.91705501
2.858,-0.92077512
2.859,-0.92854208
2.86,-0.93403894
2.861,-0.91599917
2.862,-0.92379051
2.863,-0.93779039
2.864,-0.95291924
2.865,-0.93183762
2.866,-0.95790893
2.867,-0.94313961
2.868,-0.94572937
2.869,-0.94831759
2.87,-0.93927538
2.871,-0.94660944
2.872,-0.95246899
2.873,-0.96002918
2.874,-0.95526201
2.875,-0.95867467
2.876,-0.9598152
2.877,-0.97539395
2.878,-0.98855937
2.879,-0.98840171
2.88,-0.96901578
2.881,-0.98964238
2.882,-0.99261642
2.883,-1.0004417
2.884,-1.0003471
2.885,-0.98647922
2.886,-0.98799938
2.887,-0.98125136
2.888,-0.99529105
2.889,-0.95922875
2.89,-1.0008115
2.891,-0.99598467
2.892,-0.97114098
2.893,-0.96775126
2.894,-0.97546244
2.895,-0.98115057
2.896,-0.95082432
2.897,-0.97451776
2.898,-0.97927743
2.899,-0.95577115
2.9,-0.94116622
2.901,-0.95301801
2.902,-0.94736087
2.903,-0.95965463
2.904,-0.96400428
2.905,-0.95297682
2.906,-0.96236533
2.907,-0.96752667
2.908,-0.97487706
2.909,-0.98471719
2.91,-0.97683895
2.911,-0.9997499
2.912,-0.99130571
2.913,-0.97888601
2.914,-0.98521906
2.915,-1.0069517
2.916,-1.0141662
2.917,-1.0055958
2.918,-1.0258427
2.919,-1.0277455
2.92,-1.0027716
2.921,-1.0258955
2.922,-1.0236659
2.923,-1.0153445
2.924,-1.0168189
2.925,-1.0157319
2.926,-1.0106002
2.927,-1.004096
2.928,-1.0092784
2.929,-1.0052545
2.93,-1.004975
2.931,-1.0007808
2.932,-1.0081892
2.933,-1.0135932
2.934,-1.0018414
2.935,-1.0094476
2.936,-1.0075101
2.937,-1.01799
2.938,-1.0220699
2.939,-1.0267084
2.94,-0.99868309
2.941,-1.0086552
2.942,-1.0068898
2.943,-1.0019419
2.944,-0.99572426
2.945,-0.98985088
2.946,-1.0034301
2.947,-0.99803859
2.948,-1.0064346
2.949,-0.99274051
2.95,-1.0140215
2.951,-0.99371231
2.952,-0.99872279
2.953,-1.004564
2.954,-0.9949041
2.955,-1.0088215
2.956,-1.0127045
2.957,-1.016699
2.958,-1.0165325
2.959,-1.0200211
2.96,-1.0191118
2.961,-1.0187654
2.962,-1.0222584
2.963,-1.0516479
2.964,-1.0566692
2.965,-1.0511289
2.966,-1.0652723
2.967,-1.0811119
2.968,-1.0692754
2.969,-1.0588009
2.97,-1.0694468
2.971,-1.057691
2.972,-1.0593997
2.973,-1.0669361
2.974,-1.0503987
2.975,-1.0391157
2.976,-1.0307933
2.977,-1.0424947
2.978,-1.0328699
2.979,-1.0256863
2.98,-1.0382178
2.981,-1.0196395
2.982,-1.0117314
2.983,-1.0322316
2.984,-1.0250837
2.985,-1.0173148
2.986,-1.02429
2.987,-1.020461
2.988,-1.0189939
2.989,-1.0145086
2.99,-1.0119246
2.991,-1.0140201
2.992,-1.0234362
2.993,-1.0046549
2.994,-1.0036895
2.995,-1.0311357
2.996,-1.0227046
2.997,-1.0421392
2.998,-1.0224975
2.999,-1.0279433
3.0,-1.0632179
3.001,-1.0543007
3.002,-1.054062
3.003,-1.0478998
3.004,-1.0686429
3.005,-1.0717875
3.006,-1.0754225
3.007,-1.0976828
3.008,-1.1060162
3.009,-1.1244705
3.01,-1.115894
3.011,-1.1052222
3.012,-1.1036788
3.013,-1.1167216
3.014,-1.1175783
3.015,-1.1152583
3.016,-1.1159464
3.017,-1.1374512
3.018,-1.1117061
3.019,-1.1233523
3.02,-1.1562306
3.021,-1.1501645
3.022,-1.1565564
3.023,-1.1569602
3.024,-1.172292
3.025,-1.1652207
3.026,-1.1595911
3.027,-1.1669043
3.028,-1.1707921
3.029,-1.1678226
3.03,-1.188526
3.031,-1.1725996
3.032,-1.1765054
3.033,-1.1834857
3.034,-1.1964842
3.035,-1.2015125
3.036,-1.2143124
3.037,-1.2110487
3.038,-1.2214563
3.039,-1.2344915
3.04,-1.2448635
3.041,-1.2849922
3.042,-1.2706956
3.043,-1.3011308
3.044,-1.2874386
3.045,-1.3112421
3.046,-1.3344563
3.047,-1.3412182
3.048,-1.3527209
3.049,-1.3518931
3.05,-1.377158
3.051,-1.3548878
3.052,-1.3939548
3.053,-1.375126
3.054,-1.3751813
3.055,-1.3980809
3.056,-1.391113
3.057,-1.4015529
3.058,-1.4234861
3.059,-1.4369521
3.06,-1.4394374
3.061,-1.4312412
3.062,-1.467212
3.063,-1.4814024
3.064,-1.4729332
3.065,-1.4706576
3.066,-1.4993036
3.067,-1.5131048
3.068,-1.5124116
3.069,-1.5187988
3.07,-1.528707
3.071,-1.5352163
3.072,-1.5494012
3.073,-1.5619619
3.074,-1.5825881
3.075,-1.5984939
3.076,-1.5861663
3.077,-1.6198097
3.078,-1.6437671
3.079,-1.6432731
3.08,-1.6701967
3.081,-1.6722239
3.082,-1.6949555
3.083,-1.7202696
3.084,-1.721646
3.085,-1.7479073
3.086,-1.7632633
3.087,-1.7611169
3.088,-1.785123
3.089,-1.7929072
3.09,-1.7948215
3.091,-1.8082986
3.092,-1.8195019
3.093,-1.8379747
3.094,-1.8391535
3.095,-1.8651617
3.096,-1.8447227
3.097,-1.8643887
3.098,-1.8711714
3.099,-1.8624228
3.1,-1.8845322
3.101,-1.8817341
3.102,-1.8725349
3.103,-1.882866
3.104,-1.9049548
3.105,-1.9028153
3.106,-1.902607
3.107,-1.9115695
3.108,-1.9169106
3.109,-1.9126337
3.11,-1.926205
3.111,-1.9270731
3.112,-1.9486145
3.113,-1.9407629
3.114,-1.9693292
3.115,-1.9703221
3.116,-1.9807432
3.117,-1.9792846
3.118,-1.9879006
3.119,-1.9971364
3.12,-2.0174363
3.121,-2.0300775
3.122,-2.0586672
3.123,-2.0336924
3.124,-2.0704448
3.125,-2.0457339
3.126,-2.0938363
3.127,-2.1021426
3.128,-2.1412845
3.129,-2.1161659
3.13,-2.1474385
3.131,-2.182044
3.132,-2.2063246
3.133,-2.2153404
3.134,-2.2517025
3.135,-2.2566319
3.136,-2.2515063
3.137,-2.2790384
3.138,-2.2741919
3.139,-2.2863121
3.14,-2.2953892
3.141,-2.2932532
3.142,-2.3024416
3.143,-2.3147957
3.144,-2.3214087
3.145,-2.3386765
3.146,-2.3469534
3.147,-2.3438423
3.148,-2.3542242
3.149,-2.3511112
3.15,-2.3613892
3.151,-2.3834307
3.152,-2.3900261
3.153,-2.4061751
3.154,-2.4188125
3.155,-2.4398811
3.156,-2.4349861
3.157,-2.4513617
3.158,-2.4710419
3.159,-2.4793992
3.16,-2.4656112
3.161,-2.4949551
3.162,-2.5154519
3.163,-2.5141516
3.164,-2.5280762
3.165,-2.5420744
3.166,-2.5895827
3.167,-2.5792086
3.168,-2.6408243
3.169,-2.6530292
3.17,-2.6663578
3.171,-2.69204
3.172,-2.7124288
3.173,-2.748904
3.174,-2.7586906
3.175,-2.7567477
3.176,-2.8227179
3.177,-2.8256183
3.178,-2.8359256
3.179,-2.8517265
3.18,-2.8697019
3.181,-2.8702216
3.182,-2.899812
3.183,-2.8864667
3.184,-2.9076581
3.185,-2.915813
3.186,-2.9335785
3.187,-2.9479542
3.188,-2.9547832
3.189,-2.9407136
3.19,-2.9492631
3.191,-2.9921134
3.192,-2.9692488
3.193,-3.0197403
3.194,-3.0020843
3.195,-3.0381267
3.196,-3.0559337
3.197,-3.085881
3.198,-3.1062698
3.199,-3.1047475
3.2,-3.1231947
3.201,-3.1549244
3.202,-3.1758256
3.203,-3.146826
3.204,-3.1815176
3.205,-3.1993387
3.206,-3.215456
3.207,-3.2462699
3.208,-3.2542629
3.209,-3.2715845
3.21,-3.292371
3.211,-3.3119881
3.212,-3.321389
3.213,-3.3590112
3.214,-3.3645816
3.215,-3.3785596
3.216,-3.3776913
3.217,-3.3992162
3.218,-3.4057252
3.219,-3.4221683
3.22,-3.4237528
3.221,-3.4539578
3.222,-3.4495609
3.223,-3.4927986
3.224,-3.4788704
3.225,-3.470628
3.226,-3.5050495
3.227,-3.5090733
3.228,-3.5409031
3.229,-3.5351391
3.23,-3.5410228
3.231,-3.5504894
3.232,-3.5697539
3.233,-3.6001894
3.234,-3.5906773
3.235,-3.5843532
3.236,-3.597609
3.237,-3.6239119
3.238,-3.6197276
3.239,-3.6525428
3.24,-3.6570768
3.241,-3.6798489
3.242,-3.6948843
3.243,-3.7052774
3.244,-3.7372487
3.245,-3.7442429
3.246,-3.7865028
3.247,-3.7944765
3.248,-3.8115671
3.249,-3.8302779
3.25,-3.8407404
3.251,-3.8596017
3.252,-3.8655963
3.253,-3.8971961
3.254,-3.9183774
3.255,-3.928005
3.256,-3.9640982
3.257,-3.989012
3.258,-4.0293875
3.259,-4.0422993
3.26,-4.0681558
3.261,-4.0934763
3.262,-4.0918927
3.263,-4.1292481
3.264,-4.1539302
3.265,-4.1564798
3.266,-4.1731129
3.267,-4.1870894
3.268,-4.1860714
3.269,-4.2366023
3.27,-4.2456608
3.271,-4.2679744
3.272,-4.2905631
3.273,-4.3342776
3.274,-4.3444362
3.275,-4.3815298
3.276,-4.403583
3.277,-4.4392629
3.278,-4.4671092
3.279,-4.4795251
3.28,-4.5017042
3.281,-4.5258317
3.282,-4.5657258
3.283,-4.6089139
3.284,-4.6223469
3.285,-4.6441984
3.286,-4.6669221
3.287,-4.6878581
3.288,-4.6947527
3.289,-4.7194495
3.29,-4.7370081
3.291,-4.7318578
3.292,-4.7311225
3.293,-4.7929635
3.294,-4.7915773
3.295,-4.836803
3.296,-4.8422613
3.297,-4.872436
3.298,-4.8962584
3.299,-4.9149337
3.3,-4.933784
3.301,-4.9388313
3.302,-4.9604974
3.303,-4.9727182
3.304,-5.0153432
3.305,-4.9821973
3.306,-5.0485759
3.307,-5.0527039
3.308,-5.0514436
3.309,-5.0374618
3.31,-5.0313902
3.311,-5.0562539
3.312,-5.0426884
3.313,-5.0554662
3.314,-5.067883
3.315,-5.0868988
3.316,-5.0862861
3.317,-5.1062117
3.318,-5.1122026
3.319,-5.1634831
3.32,-5.1404819
3.321,-5.1872244
3.322,-5.1995144
3.323,-5.2200155
3.324,-5.2626548
3.325,-5.267417
3.326,-5.3095307
3.327,-5.2851877
3.328,-5.3170652
3.329,-5.3242745
3.33,-5.3378239
3.331,-5.3267622
3.332,-5.3583221
3.333,-5.3505926
3.334,-5.3404474
3.335,-5.4057417
3.336,-5.3936534
3.337,-5.4246879
3.338,-5.4202361
3.339,-5.4341226
3.34,-5.448668
3.341,-5.4812851
3.342,-5.5192294
3.343,-5.5097699
3.344,-5.5241375
3.345,-5.5244293
3.346,-5.5576377
3.347,-5.5258684
3.348,-5.5742755
3.349,-5.5369811
3.35,-5.5573859
3.351,-5.5530558
3.352,-5.5468554
3.353,-5.5822082
3.354,-5.5809369
3.355,-5.6129313
3.356,-5.6148844
3.357,-5.6197023
3.358,-5.6210337
3.359,-5.6413965
3.36,-5.677
3.361,-5.7003107
3.362,-5.7113338
3.363,-5.728353
3.364,-5.7441387
3.365,-5.7423649
3.366,-5.7877498
3.367,-5.830287
3.368,-5.8553262
3.369,-5.8546262
3.37,-5.8809266
3.371,-5.9311805
3.372,-5.9568982
3.373,-5.9766359
3.374,-6.0107293
3.375,-6.0330048
3.376,-6.0381107
3.377,-6.0883365
3.378,-6.0964603
3.379,-6.1216106
3.38,-6.126265
3.381,-6.1238666
3.382,-6.1826081
3.383,-6.1925273
3.384,-6.1992888
3.385,-6.201273
3.386,-6.192039
3.387,-6.1920547
3.388,-6.1891289
3.389,-6.2314396
3.39,-6.2097592
3.391,-6.2267394
3.392,-6.2351022
3.393,-6.2730346
3.394,-6.2964315
3.395,-6.3109479
3.396,-6.3247776
3.397,-6.3380518
3.398,-6.3704877
3.399,-6.3996692
3.4,-6.4317198
3.401,-6.455924
3.402,-6.4689298
3.403,-6.5316892
3.404,-6.5602303
3.405,-6.5783811
3.406,-6.5951772
3.407,-6.6136217
3.408,-6.6571183
3.409,-6.6859503
3.41,-6.6841016
3.411,-6.7577748
3.412,-6.7431259
3.413,-6.8112502
3.414,-6.8154573
3.415,-6.8784184
3.416,-6.8724861
3.417,-6.9303808
3.418,-6.9534211
3.419,-6.9588428
3.42,-6.9929705
3.421,-6.9706931
3.422,-6.9951553
3.423,-6.9989786
3.424,-7.0165067
3.425,-7.0335231
3.426,-7.0276041
3.427,-7.0737057
3.428,-7.1123118
3.429,-7.0996985
3.43,-7.1025724
3.431,-7.1501393
3.432,-7.1611958
3.433,-7.2124705
3.434,-7.1879077
3.435,-7.2194219
3.436,-7.2516956
3.437,-7.2355156
3.438,-7.2755632
3.439,-7.3097434
3.44,-7.3199339
3.441,-7.3629222
3.442,-7.3698769
3.443,-7.3765435
3.444,-7.4105682
3.445,-7.4348001
3.446,-7.4731574
3.447,-7.4898582
3.448,-7.51583
3.449,-7.5257249
3.45,-7.5742416
3.451,-7.613359
3.452,-7.6177197
3.453,-7.6474552
3.454,-7.7273846
3.455,-7.7211757
3.456,-7.7241526
3.457,-7.7920027
3.458,-7.8019185
3.459,-7.8048348
3.46,-7.8488979
3.461,-7.8823071
3.462,-7.8975911
3.463,-7.8970447
3.464,-7.9391475
3.465,-7.9553347
3.466,-7.9877644
3.467,-7.9862294
3.468,-8.0133362
3.469,-8.0223627
3.47,-8.0229549
3.471,-8.0419273
3.472,-8.0545616
3.473,-8.0596819
3.474,-8.0807419
3.475,-8.0917063
3.476,-8.1231794
3.477,-8.1264534
3.478,-8.1404781
3.479,-8.1707382
3.48,-8.1850805
3.481,-8.2121906
3.482,-8.2178564
3.483,-8.2986212
3.484,-8.2911654
3.485,-8.3103046
3.486,-8.3458881
3.487,-8.3593407
3.488,-8.4166822
3.489,-8.414691
3.49,-8.4862642
3.491,-8.4851961
3.492,-8.5210152
3.493,-8.5314283
3.494,-8.5570726
3.495,-8.6268463
3.496,-8.6124449
3.497,-8.640954
3.498,-8.6541166
3.499,-8.7104864
3.5,-8.7465563
3.501,-8.7712412
3.502,-8.7914057
3.503,-8.8101368
3.504,-8.8592653
3.505,-8.8420668
3.506,-8.8872175
3.507,-8.9028406
3.508,-8.9443331
3.509,-8.9357834
3.51,-8.9627342
3.511,-8.9342117
3.512,-8.9908972
3.513,-8.9577179
3.514,-8.9802666
3.515,-8.967329
3.516,-8.973299
3.517,-8.978157
3.518,-8.9800606
3.519,-8.9966469
3.52,-9.0321198
3.521,-9.0176401
3.522,-9.0398111
3.523,-9.0604982
3.524,-9.1019583
3.525,-9.1189957
3.526,-9.1455622
3.527,-9.187602
3.528,-9.2628365
3.529,-9.2809858
3.53,-9.3275461
3.531,-9.3551512
3.532,-9.3700237
3.533,-9.4158506
3.534,-9.4290695
3.535,-9.4607067
3.536,-9.4433527
3.537,-9.5237665
3.538,-9.5664167
3.539,-9.612709
3.54,-9.6098709
3.541,-9.6657553
3.542,-9.665554
3.543,-9.6810312
3.544,-9.7244062
3.545,-9.7526016
3.546,-9.7772408
3.547,-9.7513952
3.548,-9.8157587
3.549,-9.8372536
3.55,-9.8435974
3.551,-9.8833714
3.552,-9.8804617
3.553,-9.9218807
3.554,-9.9178553
3.555,-9.9321461
3.556,-9.9599915
3.557,-9.9735365
3.558,-9.9620237
3.559,-10.007328
3.56,-9.9956369
3.561,-10.02702
3.562,-10.034177
3.563,-10.005924
3.564,-10.045995
3.565,-10.055838
3.566,-10.06239
3.567,-10.084612
3.568,-10.076883
3.569,-10.098635
3.57,-10.110528
3.571,-10.164751
3.572,-10.166948
3.573,-10.215512
3.574,-10.2564
3.575,-10.260956
3.576,-10.259244
3.577,-10.30083
3.578,-10.307138
3.579,-10.33604
3.58,-10.340269
3.581,-10.374476
3.582,-10.383693
3.583,-10.365942
3.584,-10.36723
3.585,-10.434853
3.586,-10.426611
3.587,-10.42133
3.588,-10.4503
3.589,-10.451854
3.59,-10.479028
3.591,-10.502035
3.592,-10.517043
3.593,-10.51502
3.594,-10.591334
3.595,-10.626158
3.596,-10.592833
3.597,-10.66505
3.598,-10.689948
3.599,-10.712095
3.6,-10.745465
3.601,-10.77192
3.602,-10.800508
3.603,-10.811378
3.604,-10.801737
3.605,-10.824078
3.606,-10.877873
3.607,-10.900923
3.608,-10.953649
3.609,-10.940619
3.61,-10.92385
3.611,-10.983616
3.612,-11.004157
3.613,-11.035264
3.614,-11.0928
3.615,-11.098213
3.616,-11.130939
3.617,-11.145909
3.618,-11.173588
3.619,-11.242297
3.62,-11.20646
3.621,-11.238083
3.622,-11.273601
3.623,-11.31949
3.624,-11.351108
3.625,-11.32559
3.626,-11.335471
3.627,-11.353843
3.628,-11.331175
3.629,-11.300515
3.63,-11.297541
3.631,-11.32655
3.632,-11.277431
3.633,-11.325912
3.634,-11.30722
3.635,-11.297916
3.636,-11.329086
3.637,-11.381851
3.638,-11.377868
3.639,-11.392342
3.64,-11.401557
3.641,-11.469123
3.642,-11.457323
3.643,-11.553618
3.644,-11.552916
3.645,-11.547836
3.646,-11.567022
3.647,-11.623595
3.648,-11.667778
3.649,-11.721836
3.65,-11.740779
3.651,-11.813744
3.652,-11.827332
3.653,-11.860746
3.654,-11.896017
3.655,-11.91715
3.656,-11.994128
3.657,-12.029705
3.658,-12.017704
3.659,-12.06182
3.66,-12.085798
3.661,-12.091716
3.662,-12.121113
3.663,-12.160674
3.664,-12.113402
3.665,-12.141813
3.666,-12.123601
3.667,-12.098661
3.668,-12.153746
3.669,-12.167507
3.67,-12.136739
3.671,-12.139139
3.672,-12.149891
3.673,-12.178219
3.674,-12.179768
3.675,-12.18201
3.676,-12.192862
3.677,-12.195001
3.678,-12.207898
3.679,-12.221936
3.68,-12.18611
3.681,-12.190982
3.682,-12.146197
3.683,-12.194174
3.684,-12.170832
3.685,-12.120487
3.686,-12.093729
3.687,-12.104133
3.688,-12.10253
3.689,-12.094155
3.69,-12.15048
3.691,-12.12361
3.692,-12.153496
3.693,-12.172911
3.694,-12.191418
3.695,-12.188251
3.696,-12.234642
3.697,-12.251698
3.698,-12.221435
3.699,-12.231509
3.7,-12.274051
3.701,-12.344332
3.702,-12.297188
3.703,-12.351162
3.704,-12.397873
3.705,-12.380278
3.706,-12.429781
3.707,-12.394478
3.708,-12.441383
3.709,-12.45332
3.71,-12.435696
3.711,-12.415868
3.712,-12.424581
3.713,-12.414677
3.714,-12.473091
3.715,-12.47759
3.716,-12.403953
3.717,-12.44515
3.718,-12.424781
3.719,-12.442135
3.72,-12.401983
3.721,-12.441059
3.722,-12.412582
3.723,-12.435319
3.724,-12.446694
3.725,-12.457514
3.726,-12.436653
3.727,-12.457109
3.728,-12.443555
3.729,-12.521657
3.73,-12.465768
3.731,-12.480028
3.732,-12.497725
3.733,-12.451974
3.734,-12.481266
3.735,-12.414293
3.736,-12.459903
3.737,-12.422281
3.738,-12.417581
3.739,-12.448656
3.74,-12.402588
3.741,-12.447921
3.742,-12.450744
3.743,-12.444514
3.744,-12.432363
3.745,-12.468771
3.746,-12.449418
3.747,-12.498577
3.748,-12.443016
3.749,-12.41921
3.75,-12.449574
3.751,-12.374946
3.752,-12.401285
3.753,-12.331663
3.754,-12.334727
3.755,-12.313894
3.756,-12.308598
3.757,-12.271473
3.758,-12.21039
3.759,-12.218802
3.76,-12.221361
3.761,-12.195525
3.762,-12.176551
3.763,-12.176261
3.764,-12.146029
3.765,-12.188498
3.766,-12.175232
3.767,-12.184539
3.768,-12.186454
3.769,-12.192171
3.77,-12.184749
3.771,-12.181101
3.772,-12.186592
3.773,-12.177067
3.774,-12.237476
3.775,-12.251165
3.776,-12.278062
3.777,-12.344546
3.778,-12.331918
3.779,-12.331776
3.78,-12.356823
3.781,-12.357458
3.782,-12.403795
3.783,-12.39695
3.784,-12.445521
3.785,-12.437551
3.786,-12.514518
3.787,-12.458835
3.788,-12.522381
3.789,-12.538016
3.79,-12.541994
3.791,-12.516962
3.792,-12.548516
3.793,-12.536061
3.794,-12.537853
3.795,-12.514739
3.796,-12.521398
3.797,-12.516721
3.798,-12.505975
3.799,-12.508533
3.8,-12.511018
3.801,-12.529371
3.802,-12.493334
3.803,-12.502053
3.804,-12.474621
3.805,-12.474214
3.806,-12.484192
3.807,-12.461808
3.808,-12.460242
3.809,-12.407376
3.81,-12.447779
3.811,-12.439514
3.812,-12.457722
3.813,-12.46229
3.814,-12.473943
3.815,-12.47933
3.816,-12.475185
3.817,-12.464015
3.818,-12.511042
3.819,-12.507674
3.82,-12.492822
3.821,-12.491726
3.822,-12.504264
3.823,-12.546834
3.824,-12.514847
3.825,-12.53482
3.826,-12.592072
3.827,-12.582622
3.828,-12.570724
3.829,-12.615154
3.83,-12.621346
3.831,-12.65349
3.832,-12.62401
3.833,-12.667312
3.834,-12.652979
3.835,-12.665915
3.836,-12.657962
3.837,-12.660278
3.838,-12.608507
3.839,-12.643627
3.84,-12.584987
3.841,-12.648649
3.842,-12.625508
3.843,-12.614793
3.844,-12.608914
3.845,-12.555487
3.846,-12.565669
3.847,-12.586256
3.848,-12.558727
3.849,-12.560078
3.85,-12.576481
3.851,-12.575731
3.852,-12.509454
3.853,-12.563277
3.854,-12.527068
3.855,-12.515697
3.856,-12.476895
3.857,-12.474863
3.858,-12.438682
3.859,-12.498286
3.86,-12.476085
3.861,-12.484324
3.862,-12.495294
3.863,-12.500408
3.864,-12.553404
3.865,-12.520808
3.866,-12.551035
3.867,-12.595955
3.868,-12.584745
3.869,-12.563084
3.87,-12.6214
3.871,-12.559842
3.872,-12.59487
3.873,-12.591768
3.874,-12.576506
3.875,-12.577451
3.876,-12.601691
3.877,-12.560309
3.878,-12.555336
3.879,-12.599015
3.88,-12.541265
3.881,-12.529047
3.882,-12.497957
3.883,-12.48237
3.884,-12.459707
3.885,-12.453869
3.886,-12.474032
3.887,-12.433934
3.888,-12.471929
3.889,-12.447458
3.89,-12.413329
3.891,-12.421952
3.892,-12.447335
3.893,-12.409893
3.894,-12.355135
3.895,-12.371404
3.896,-12.362284
3.897,-12.33643
3.898,-12.317694
3.899,-12.303154
3.9,-12.312607
3.901,-12.270558
3.902,-12.244171
3.903,-12.223643
3.904,-12.234617
3.905,-12.218501
3.906,-12.18813
3.907,-12.245876
3.908,-12.194647
3.909,-12.164904
3.91,-12.162932
3.911,-12.127361
3.912,-12.156697
3.913,-12.109085
3.914,-12.1135
3.915,-12.099406
3.916,-12.056767
3.917,-12.039992
3.918,-12.027349
3.919,-11.997663
3.92,-12.001811
3.921,-12.027141
3.922,-12.006562
3.923,-11.95896
3.924,-11.953878
3.925,-11.896894
3.926,-11.934785
3.927,-11.92897
3.928,-11.922792
3.929,-11.937101
3.93,-11.935088
3.931,-11.926777
3.932,-11.960343
3.933,-11.917758
3.934,-11.931576
3.935,-11.957871
3.936,-11.95145
3.937,-11.974382
3.938,-11.97827
3.939,-11.969135
3.94,-11.960057
3.941,-11.987706
3.942,-11.98087
3.943,-11.9421
3.944,-11.949262
3.945,-11.992063
3.946,-11.93224
3.947,-11.963367
3.948,-11.896904
3.949,-11.862072
3.95,-11.862622
3.951,-11.871759
3.952,-11.834773
3.953,-11.846228
3.954,-11.859989
3.955,-11.836859
3.956,-11.847694
3.957,-11.870108
3.958,-11.858816
3.959,-11.873599
3.96,-11.866578
3.961,-11.87769
3.962,-11.892609
3.963,-11.862164
3.964,-11.827233
3.965,-11.81677
3.966,-11.788324
3.967,-11.719396
3.968,-11.713378
3.969,-11.648871
3.97,-11.623917
3.971,-11.637639
3.972,-11.590405
3.973,-11.571599
3.974,-11.572031
3.975,-11.567335
3.976,-11.590786
3.977,-11.618791
3.978,-11.566196
3.979,-11.590791
3.98,-11.66153
3.981,-11.639541
3.982,-11.640847
3.983,-11.672059
3.984,-11.678977
3.985,-11.657066
3.986,-11.702353
3.987,-11.712905
3.988,-11.68379
3.989,-11.719851
3.99,-11.705062
3.991,-11.746678
3.992,-11.715987
3.993,-11.73383
3.994,-11.727352
3.995,-11.732435
3.996,-11.744646
3.997,-11.758278
3.998,-11.748001
3.999,-11.773753
4.0,-11.777106
4.001,-11.778806
4.002,-11.764147
4.003,-11.74784
4.004,-11.716914
4.005,-11.712964
4.006,-11.68191
4.007,-11.675292
4.008,-11.651498
4.009,-11.62454
4.01,-11.632045
4.011,-11.570728
4.012,-11.533936
4.013,-11.566526
4.014,-11.531249
4.015,-11.557767
4.016,-11.551455
4.017,-11.554755
4.018,-11.5098
4.019,-11.510489
4.02,-11.505774
4.021,-11.516716
4.022,-11.470547
4.023,-11.477702
4.024,-11.468326
4.025,-11.418303
4.026,-11.405261
4.027,-11.394885
4.028,-11.396052
4.029,-11.382253
4.03,-11.349834
4.031,-11.391506
4.032,-11.38317
4.033,-11.372063
4.034,-11.366394
4.035,-11.367043
4.036,-11.345789
4.037,-11.375525
4.038,-11.330377
4.039,-11.303454
4.04,-11.294635
4.041,-11.259171
4.042,-11.21391
4.043,-11.227043
4.044,-11.20793
4.045,-11.133864
4.046,-11.091127
4.047,-11.067702
4.048,-11.007612
4.049,-11.001611
4.05,-10.971974
4.051,-10.909731
4.052,-10.855534
4.053,-10.835952
4.054,-10.793871
4.055,-10.75433
4.056,-10.738717
4.057,-10.74078
4.058,-10.673543
4.059,-10.679695
4.06,-10.619052
4.061,-10.587242
4.062,-10.541951
4.063,-10.53232
4.064,-10.516736
4.065,-10.476713
4.066,-10.466928
4.067,-10.433118
4.068,-10.428949
4.069,-10.401124
4.07,-10.39166
4.071,-10.378401
4.072,-10.408592
4.073,-10.366222
4.074,-10.400279
4.075,-10.347705
4.076,-10.404092
4.077,-10.3554
4.078,-10.356435
4.079,-10.351531
4.08,-10.372137
4.081,-10.361469
4.082,-10.360824
4.083,-10.34831
4.084,-10.384007
4.085,-10.356586
4.086,-10.356573
4.087,-10.337667
4.088,-10.341172
4.089,-10.307959
4.09,-10.308822
4.091,-10.283237
4.092,-10.291357
4.093,-10.260029
4.094,-10.256474
4.095,-10.226521
4.096,-10.247442
4.097,-10.249481
4.098,-10.277333
4.099,-10.221566
4.1,-10.230281
4.101,-10.226671
4.102,-10.231419
4.103,-10.233319
4.104,-10.215412
4.105,-10.173694
4.106,-10.174628
4.107,-10.136842
4.108,-10.10018
4.109,-10.116077
4.11,-10.114476
4.111,-10.077776
4.112,-10.095847
4.113,-10.042481
4.114,-10.028558
4.115,-10.046735
4.116,-10.016206
4.117,-9.9979019
4.118,-10.001863
4.119,-9.944768
4.12,-9.9492064
4.121,-9.8784313
4.122,-9.9070063
4.123,-9.8990726
4.124,-9.868681
4.125,-9.8924084
4.126,-9.8532352
4.127,-9.8600655
4.128,-9.8201609
4.129,-9.8069
4.13,-9.77598
4.131,-9.7354069
4.132,-9.7179165
4.133,-9.6927128
4.134,-9.6634846
4.135,-9.63764
4.136,-9.6382704
4.137,-9.6063709
4.138,-9.5287151
4.139,-9.5228643
4.14,-9.4828205
4.141,-9.4448643
4.142,-9.430172
4.143,-9.3949261
4.144,-9.3539047
4.145,-9.3489008
4.146,-9.2987185
4.147,-9.3036547
4.148,-9.2618494
4.149,-9.2267723
4.15,-9.1863537
4.151,-9.1440001
4.152,-9.1195993
4.153,-9.0909414
4.154,-9.029088
4.155,-9.0077839
4.156,-8.9740181
4.157,-8.9429665
4.158,-8.9162769
4.159,-8.9211988
4.16,-8.8817844
4.161,-8.8228331
4.162,-8.776865
4.163,-8.7700748
4.164,-8.7507496
4.165,-8.7115564
4.166,-8.6948776
4.167,-8.6517925
4.168,-8.6028337
4.169,-8.5670385
4.17,-8.5127163
4.171,-8.4913378
4.172,-8.4609404
4.173,-8.4406729
4.174,-8.4149208
4.175,-8.3846436
4.176,-8.3538647
4.177,-8.3396721
4.178,-8.2861614
4.179,-8.3000822
4.18,-8.2671299
4.181,-8.2634449
4.182,-8.2212381
4.183,-8.2138996
4.184,-8.1767912
4.185,-8.1626091
4.186,-8.1615896
4.187,-8.121871
4.188,-8.1117964
4.189,-8.0949039
4.19,-8.0673409
4.191,-8.0454445
4.192,-7.9910417
4.193,-7.9538012
4.194,-7.9309125
4.195,-7.8810253
4.196,-7.8610382
4.197,-7.8277569
4.198,-7.8229938
4.199,-7.819181
4.2,-7.7731228
4.201,-7.7570677
4.202,-7.751267
4.203,-7.7440782
4.204,-7.7318449
4.205,-7.720418
4.206,-7.7062039
4.207,-7.6803303
4.208,-7.6959791
4.209,-7.649323
4.21,-7.6424422
4.211,-7.6101127
4.212,-7.6018209
4.213,-7.6172848
4.214,-7.6199245
4.215,-7.6082692
4.216,-7.5827622
4.217,-7.5690479
4.218,-7.5616183
4.219,-7.5518017
4.22,-7.5300908
4.221,-7.5129213
4.222,-7.5043592
4.223,-7.4883375
4.224,-7.4894519
4.225,-7.4467683
4.226,-7.4572563
4.227,-7.458631
4.228,-7.4447742
4.229,-7.4414558
4.23,-7.4247179
4.231,-7.4289823
4.232,-7.4325609
4.233,-7.4172559
4.234,-7.4223347
4.235,-7.41434
4.236,-7.4028926
4.237,-7.4042788
4.238,-7.3980665
4.239,-7.4095106
4.24,-7.3863578
4.241,-7.3687921
4.242,-7.3576274
4.243,-7.3617272
4.244,-7.3223462
4.245,-7.3296518
4.246,-7.3105378
4.247,-7.3018131
4.248,-7.2994266
4.249,-7.2822289
4.25,-7.2842231
4.251,-7.2908545
4.252,-7.2982197
4.253,-7.2855062
4.254,-7.3097892
4.255,-7.302484
4.256,-7.2863512
4.257,-7.2909493
4.258,-7.3174939
4.259,-7.2850609
4.26,-7.2894568
4.261,-7.332417
4.262,-7.3001533
4.263,-7.3237429
4.264,-7.2892494
4.265,-7.3316679
4.266,-7.3227849
4.267,-7.3411708
4.268,-7.3215709
4.269,-7.3488088
4.27,-7.336122
4.271,-7.32792
4.272,-7.3334322
4.273,-7.3252792
4.274,-7.3184228
4.275,-7.3068557
4.276,-7.3173113
4.277,-7.32516
4.278,-7.3230696
4.279,-7.2808824
4.28,-7.2810669
4.281,-7.2532148
4.282,-7.2558398
4.283,-7.2218337
4.284,-7.238214
4.285,-7.1975684
4.286,-7.1931376
4.287,-7.2247095
4.288,-7.1904941
4.289,-7.1632714
4.29,-7.1492481
4.291,-7.1470284
4.292,-7.1098542
4.293,-7.1115165
4.294,-7.0763268
4.295,-7.0930057
4.296,-7.092452
4.297,-7.0696831
4.298,-7.0568981
4.299,-7.0408382
4.3,-7.0359249
4.301,-7.0517197
4.302,-7.0142536
4.303,-7.0108199
4.304,-7.0353775
4.305,-6.9971967
4.306,-7.0039663
4.307,-6.9867363
4.308,-7.0044484
4.309,-6.9645429
4.31,-6.9551325
4.311,-6.9465213
4.312,-6.9137158
4.313,-6.912231
4.314,-6.8763762
4.315,-6.8945756
4.316,-6.8856354
4.317,-6.8662176
4.318,-6.8506718
4.319,-6.8836803
4.32,-6.8494139
4.321,-6.8606267
4.322,-6.859571
4.323,-6.8301044
4.324,-6.8432808
4.325,-6.815598
4.326,-6.8373752
4.327,-6.8270278
4.328,-6.8392034
4.329,-6.7801294
4.33,-6.8306756
4.331,-6.7642837
4.332,-6.7797809
4.333,-6.7575884
4.334,-6.7329206
4.335,-6.7049375
4.336,-6.6802778
4.337,-6.6760292
4.338,-6.6081443
4.339,-6.600605
4.34,-6.6066284
4.341,-6.5795565
4.342,-6.5765753
4.343,-6.531755
4.344,-6.5247259
4.345,-6.5143657
4.346,-6.4956856
4.347,-6.4672389
4.348,-6.4501185
4.349,-6.4145217
4.35,-6.4159317
4.351,-6.3864865
4.352,-6.3455453
4.353,-6.3311372
4.354,-6.3119144
4.355,-6.2952795
4.356,-6.2573276
4.357,-6.2593756
4.358,-6.2538452
4.359,-6.2153111
4.36,-6.2064414
4.361,-6.1737971
4.362,-6.1458983
4.363,-6.1686335
4.364,-6.1488595
4.365,-6.126286
4.366,-6.1081753
4.367,-6.1554761
4.368,-6.1390285
4.369,-6.1168256
4.37,-6.1209807
4.371,-6.1259561
4.372,-6.1179695
4.373,-6.120605
4.374,-6.1151729
4.375,-6.1241341
4.376,-6.1580591
4.377,-6.1190314
4.378,-6.1418738
4.379,-6.1520429
4.38,-6.1626606
4.381,-6.1480689
4.382,-6.1363826
4.383,-6.1140618
4.384,-6.1170216
4.385,-6.11485
4.386,-6.1333718
4.387,-6.1038823
4.388,-6.121017
4.389,-6.1393766
4.39,-6.1222639
4.391,-6.1436086
4.392,-6.1054807
4.393,-6.1007137
4.394,-6.0848413
4.395,-6.0910869
4.396,-6.1088767
4.397,-6.0851965
4.398,-6.0835896
4.399,-6.0965672
4.4,-6.079968
4.401,-6.0849714
4.402,-6.0763903
4.403,-6.0769362
4.404,-6.0878248
4.405,-6.0798502
4.406,-6.0641651
4.407,-6.0965991
4.408,-6.0872011
4.409,-6.0965424
4.41,-6.1091475
4.411,-6.0697813
4.412,-6.112535
4.413,-6.0913391
4.414,-6.1125035
4.415,-6.1063757
4.416,-6.1097946
4.417,-6.1127801
4.418,-6.1042204
4.419,-6.1322637
4.42,-6.1146288
4.421,-6.1190729
4.422,-6.1160288
4.423,-6.1337981
4.424,-6.119298
4.425,-6.1209507
4.426,-6.1227498
4.427,-6.1106811
4.428,-6.1340547
4.429,-6.1330137
4.43,-6.1587334
4.431,-6.1532016
4.432,-6.1636438
4.433,-6.1452303
4.434,-6.1621504
4.435,-6.1829333
4.436,-6.1600685
4.437,-6.147769
4.438,-6.1584897
4.439,-6.1684184
4.44,-6.1555262
4.441,-6.1505213
4.442,-6.1530046
4.443,-6.1705823
4.444,-6.1824999
4.445,-6.2033753
4.446,-6.1854224
4.447,-6.2066312
4.448,-6.2070322
4.449,-6.2173915
4.45,-6.2358551
4.451,-6.2160048
4.452,-6.2594848
4.453,-6.2605762
4.454,-6.2405138
4.455,-6.2574577
4.456,-6.2249527
4.457,-6.2511892
4.458,-6.2407298
4.459,-6.2642908
4.46,-6.2425232
4.461,-6.2526345
4.462,-6.2272153
4.463,-6.2018051
4.464,-6.2345858
4.465,-6.2492476
4.466,-6.2154956
4.467,-6.1996818
4.468,-6.217093
4.469,-6.2003837
4.47,-6.2049985
4.471,-6.2019525
4.472,-6.2095671
4.473,-6.2108464
4.474,-6.1756058
4.475,-6.1883078
4.476,-6.2086496
4.477,-6.1939073
4.478,-6.1844611
4.479,-6.1750426
4.48,-6.1994152
4.481,-6.2092366
4.482,-6.1871991
4.483,-6.2069569
4.484,-6.2034526
4.485,-6.204289
4.486,-6.2063551
4.487,-6.2214842
4.488,-6.1985178
4.489,-6.2167277
4.49,-6.2105761
4.491,-6.1824846
4.492,-6.1815791
4.493,-6.1621804
4.494,-6.1958675
4.495,-6.1884179
4.496,-6.2335138
4.497,-6.234899
4.498,-6.212153
4.499,-6.2330651
4.5,-6.2253485
