<?xml version="1.0" encoding="UTF-8"?>
<GenRun Id="synth_1" LaunchPart="xc7a35tcpg236-1" LaunchTime="1474485804">
  <File Type="RDS-PROPCONSTRS" Name="sonar_drc_synth.rpt"/>
  <File Type="PA-TCL" Name="sonar.tcl"/>
  <File Type="RDS-RDS" Name="sonar.vds"/>
  <File Type="RDS-UTIL" Name="sonar_utilization_synth.rpt"/>
  <File Type="RDS-UTIL-PB" Name="sonar_utilization_synth.pb"/>
  <File Type="RDS-DCP" Name="sonar.dcp"/>
  <File Type="VDS-TIMINGSUMMARY" Name="sonar_timing_summary_synth.rpt"/>
  <File Type="VDS-TIMING-PB" Name="sonar_timing_summary_synth.pb"/>
  <FileSet Name="sources" Type="DesignSrcs" RelSrcDir="$PSRCDIR/sources_1">
    <Filter Type="Srcs"/>
    <File Path="$PSRCDIR/sources_1/new/seg7.sv">
      <FileInfo>
        <Attr Name="ImportPath" Val="W:/Sonar/Sonar.srcs/sources_1/new/seg7.sv"/>
        <Attr Name="ImportTime" Val="1472252996"/>
        <Attr Name="UsedIn" Val="synthesis"/>
        <Attr Name="UsedIn" Val="implementation"/>
        <Attr Name="UsedIn" Val="simulation"/>
      </FileInfo>
    </File>
    <File Path="$PSRCDIR/sources_1/new/bcd.sv">
      <FileInfo>
        <Attr Name="ImportPath" Val="W:/Sonar/Sonar.srcs/sources_1/new/bcd.sv"/>
        <Attr Name="ImportTime" Val="1474425263"/>
        <Attr Name="UsedIn" Val="synthesis"/>
        <Attr Name="UsedIn" Val="implementation"/>
        <Attr Name="UsedIn" Val="simulation"/>
      </FileInfo>
    </File>
    <File Path="$PSRCDIR/sources_1/new/seg_display.sv">
      <FileInfo>
        <Attr Name="ImportPath" Val="W:/Sonar/Sonar.srcs/sources_1/new/seg_display.sv"/>
        <Attr Name="ImportTime" Val="1474486131"/>
        <Attr Name="UsedIn" Val="synthesis"/>
        <Attr Name="UsedIn" Val="implementation"/>
        <Attr Name="UsedIn" Val="simulation"/>
      </FileInfo>
    </File>
    <File Path="$PSRCDIR/sources_1/bd/design_1/design_1.bd">
      <FileInfo>
        <Attr Name="ImportPath" Val="W:/Sonar/Sonar.srcs/sources_1/bd/design_1/design_1.bd"/>
        <Attr Name="ImportTime" Val="1472663888"/>
        <Attr Name="UsedIn" Val="synthesis"/>
        <Attr Name="UsedIn" Val="implementation"/>
        <Attr Name="UsedIn" Val="simulation"/>
      </FileInfo>
    </File>
    <File Path="$PSRCDIR/sources_1/new/sonar.sv">
      <FileInfo>
        <Attr Name="ImportPath" Val="W:/Sonar/Sonar.srcs/sources_1/new/sonar.sv"/>
        <Attr Name="ImportTime" Val="1472663881"/>
        <Attr Name="UsedIn" Val="synthesis"/>
        <Attr Name="UsedIn" Val="implementation"/>
        <Attr Name="UsedIn" Val="simulation"/>
      </FileInfo>
    </File>
    <Config>
      <Option Name="DesignMode" Val="RTL"/>
      <Option Name="TopModule" Val="sonar"/>
      <Option Name="TopAutoSet" Val="TRUE"/>
    </Config>
  </FileSet>
  <FileSet Name="constrs_in" Type="Constrs" RelSrcDir="$PSRCDIR/constrs_1">
    <Filter Type="Constrs"/>
    <File Path="$PSRCDIR/constrs_1/imports/Basys3_Master.xdc">
      <FileInfo>
        <Attr Name="ImportPath" Val="W:/Basys3_Master.xdc"/>
        <Attr Name="ImportTime" Val="1472136242"/>
        <Attr Name="UsedIn" Val="synthesis"/>
        <Attr Name="UsedIn" Val="implementation"/>
      </FileInfo>
    </File>
    <Config>
      <Option Name="TargetConstrsFile" Val="$PSRCDIR/constrs_1/imports/Basys3_Master.xdc"/>
      <Option Name="ConstrsType" Val="XDC"/>
    </Config>
  </FileSet>
  <Strategy Version="1" Minor="2">
    <StratHandle Name="Vivado Synthesis Defaults" Flow="Vivado Synthesis 2016"/>
    <Step Id="synth_design"/>
  </Strategy>
</GenRun>
