<?xml version="1.0" encoding="UTF-8"?>
<!-- Product Version: Vivado v2016.2 (64-bit)                     -->
<!--                                                              -->
<!-- Copyright 1986-2016 Xilinx, Inc. All Rights Reserved.        -->

<hwsession version="1" minor="1">
  <device name="xc7a35t_0" gui_info="dashboard1=hw_ila_1[xc7a35t_0/hw_ila_1/Settings=ILA_SETTINGS_1;xc7a35t_0/hw_ila_1/Status=ILA_STATUS_1;xc7a35t_0/hw_ila_1/Trigger Setup=ILA_TRIGGER_1;xc7a35t_0/hw_ila_1/Waveform=ILA_WAVE_1;xc7a35t_0/hw_ila_1/Capture Setup=ILA_CAPTURE_1;]"/>
  <ObjectList object_type="hw_device" gui_info="">
    <Object name="xc7a35t_0" gui_info="">
      <Properties Property="PROBES.FILE" value="$_project_name_.runs/impl_1/debug_nets.ltx"/>
      <Properties Property="PROGRAM.HW_BITSTREAM" value="$_project_name_.runs/impl_1/sonar.bit"/>
    </Object>
  </ObjectList>
  <ObjectList object_type="hw_ila" gui_info="">
    <Object name="hw_ila_1" gui_info="">
      <Properties Property="CONTROL.TRIGGER_CONDITION" value="AND"/>
      <Properties Property="CORE_REFRESH_RATE_MS" value="500"/>
    </Object>
    <Object name="u_ila_0" gui_info="">
      <Properties Property="CONTROL.TRIGGER_CONDITION" value="AND"/>
      <Properties Property="CORE_REFRESH_RATE_MS" value="500"/>
    </Object>
  </ObjectList>
  <ObjectList object_type="hw_probe" gui_info="">
    <Object name="adc_out_tdata[2:1]" gui_info=""/>
    <Object name="adc_out_tdata_1[15:0]" gui_info=""/>
    <Object name="block_design/filter_in_tdata[14:2]" gui_info=""/>
    <Object name="distance[15:1]" gui_info=""/>
    <Object name="distance_q[14:0]" gui_info=""/>
    <Object name="distance_tdata[14:0]" gui_info=""/>
    <Object name="velocity[15:1]" gui_info=""/>
    <Object name="velocity_q[15:1]" gui_info=""/>
  </ObjectList>
  <ObjectList object_type="hw_sysmon" gui_info="">
    <Object name="XADC" gui_info="dashboard_1=[VAUXP6_VAUXN6=-256;SCAN_RATE=1000;TRACK_TIME=1;]"/>
  </ObjectList>
  <probeset name="hw project" active="false">
    <probe type="ila" busType="net" source="netlist" spec="ILA_V2_RT">
      <probeOptions Id="DebugProbeParams">
        <Option Id="CAPTURE_COMPARE_VALUE" value="eq16&apos;hXXXX"/>
        <Option Id="COMPARE_VALUE.0" value="eq16&apos;hXXXX"/>
        <Option Id="DISPLAY_HINT" value=""/>
        <Option Id="DISPLAY_VISIBILITY" value=""/>
        <Option Id="HW_ILA" value="hw_ila_1"/>
        <Option Id="MAP" value="probe3[15:0]"/>
        <Option Id="NAME.CUSTOM" value=""/>
        <Option Id="NAME.SELECT" value="Long"/>
        <Option Id="SOURCE" value="netlist"/>
        <Option Id="TRIGGER_COMPARE_VALUE" value="eq16&apos;hXXXX"/>
      </probeOptions>
      <nets>
        <net name="adc_out_tdata[15]"/>
        <net name="adc_out_tdata[14]"/>
        <net name="adc_out_tdata[13]"/>
        <net name="adc_out_tdata[12]"/>
        <net name="adc_out_tdata[11]"/>
        <net name="adc_out_tdata[10]"/>
        <net name="adc_out_tdata[9]"/>
        <net name="adc_out_tdata[8]"/>
        <net name="adc_out_tdata[7]"/>
        <net name="adc_out_tdata[6]"/>
        <net name="adc_out_tdata[5]"/>
        <net name="adc_out_tdata[4]"/>
        <net name="adc_out_tdata[3]"/>
        <net name="adc_out_tdata[2]"/>
        <net name="adc_out_tdata[1]"/>
        <net name="adc_out_tdata[0]"/>
      </nets>
    </probe>
    <probe type="ila" busType="net" source="netlist" spec="ILA_V2_RT">
      <probeOptions Id="DebugProbeParams">
        <Option Id="CAPTURE_COMPARE_VALUE" value="eq2&apos;hX"/>
        <Option Id="COMPARE_VALUE.0" value="eq2&apos;hX"/>
        <Option Id="DISPLAY_HINT" value=""/>
        <Option Id="DISPLAY_VISIBILITY" value=""/>
        <Option Id="HW_ILA" value="hw_ila_1"/>
        <Option Id="MAP" value="probe0[1:0]"/>
        <Option Id="NAME.CUSTOM" value=""/>
        <Option Id="NAME.SELECT" value="Long"/>
        <Option Id="SOURCE" value="netlist"/>
        <Option Id="TRIGGER_COMPARE_VALUE" value="eq2&apos;hX"/>
      </probeOptions>
      <nets>
        <net name="adc_out_tdata[2]"/>
        <net name="adc_out_tdata[1]"/>
      </nets>
    </probe>
    <probe type="ila" busType="net" source="netlist" spec="ILA_V2_RT">
      <probeOptions Id="DebugProbeParams">
        <Option Id="CAPTURE_COMPARE_VALUE" value="eq16&apos;hXXXX"/>
        <Option Id="COMPARE_VALUE.0" value="eq16&apos;hXXXX"/>
        <Option Id="DISPLAY_HINT" value=""/>
        <Option Id="DISPLAY_VISIBILITY" value=""/>
        <Option Id="HW_ILA" value="hw_ila_1"/>
        <Option Id="MAP" value="probe3[15:0]"/>
        <Option Id="NAME.CUSTOM" value=""/>
        <Option Id="NAME.SELECT" value="Long"/>
        <Option Id="SOURCE" value="netlist"/>
        <Option Id="TRIGGER_COMPARE_VALUE" value="eq16&apos;hXXXX"/>
      </probeOptions>
      <nets>
        <net name="adc_out_tdata_1[15]"/>
        <net name="adc_out_tdata_1[14]"/>
        <net name="adc_out_tdata_1[13]"/>
        <net name="adc_out_tdata_1[12]"/>
        <net name="adc_out_tdata_1[11]"/>
        <net name="adc_out_tdata_1[10]"/>
        <net name="adc_out_tdata_1[9]"/>
        <net name="adc_out_tdata_1[8]"/>
        <net name="adc_out_tdata_1[7]"/>
        <net name="adc_out_tdata_1[6]"/>
        <net name="adc_out_tdata_1[5]"/>
        <net name="adc_out_tdata_1[4]"/>
        <net name="adc_out_tdata_1[3]"/>
        <net name="adc_out_tdata_1[2]"/>
        <net name="adc_out_tdata_1[1]"/>
        <net name="adc_out_tdata_1[0]"/>
      </nets>
    </probe>
    <probe type="ila" busType="net" source="netlist" spec="ILA_V2_RT">
      <probeOptions Id="DebugProbeParams">
        <Option Id="CAPTURE_COMPARE_VALUE" value="eq13&apos;hXXXX"/>
        <Option Id="COMPARE_VALUE.0" value="eq13&apos;hXXXX"/>
        <Option Id="DISPLAY_HINT" value=""/>
        <Option Id="DISPLAY_VISIBILITY" value=""/>
        <Option Id="HW_ILA" value="hw_ila_1"/>
        <Option Id="MAP" value="probe0[14:2]"/>
        <Option Id="NAME.CUSTOM" value=""/>
        <Option Id="NAME.SELECT" value="Long"/>
        <Option Id="SOURCE" value="netlist"/>
        <Option Id="TRIGGER_COMPARE_VALUE" value="eq13&apos;hXXXX"/>
      </probeOptions>
      <nets>
        <net name="block_design/filter_in_tdata[14]"/>
        <net name="block_design/filter_in_tdata[13]"/>
        <net name="block_design/filter_in_tdata[12]"/>
        <net name="block_design/filter_in_tdata[11]"/>
        <net name="block_design/filter_in_tdata[10]"/>
        <net name="block_design/filter_in_tdata[9]"/>
        <net name="block_design/filter_in_tdata[8]"/>
        <net name="block_design/filter_in_tdata[7]"/>
        <net name="block_design/filter_in_tdata[6]"/>
        <net name="block_design/filter_in_tdata[5]"/>
        <net name="block_design/filter_in_tdata[4]"/>
        <net name="block_design/filter_in_tdata[3]"/>
        <net name="block_design/filter_in_tdata[2]"/>
      </nets>
    </probe>
    <probe type="ila" busType="net" source="netlist" spec="ILA_V2_RT">
      <probeOptions Id="DebugProbeParams">
        <Option Id="CAPTURE_COMPARE_VALUE" value="eq15&apos;hXXXX"/>
        <Option Id="COMPARE_VALUE.0" value="eq15&apos;hXXXX"/>
        <Option Id="DISPLAY_HINT" value=""/>
        <Option Id="DISPLAY_VISIBILITY" value=""/>
        <Option Id="HW_ILA" value="hw_ila_1"/>
        <Option Id="MAP" value="probe0[14:0]"/>
        <Option Id="NAME.CUSTOM" value=""/>
        <Option Id="NAME.SELECT" value="Long"/>
        <Option Id="SOURCE" value="netlist"/>
        <Option Id="TRIGGER_COMPARE_VALUE" value="eq15&apos;hXXXX"/>
      </probeOptions>
      <nets>
        <net name="block_design/filter_in_tdata[14]"/>
        <net name="block_design/filter_in_tdata[13]"/>
        <net name="block_design/filter_in_tdata[12]"/>
        <net name="block_design/filter_in_tdata[11]"/>
        <net name="block_design/filter_in_tdata[10]"/>
        <net name="block_design/filter_in_tdata[9]"/>
        <net name="block_design/filter_in_tdata[8]"/>
        <net name="block_design/filter_in_tdata[7]"/>
        <net name="block_design/filter_in_tdata[6]"/>
        <net name="block_design/filter_in_tdata[5]"/>
        <net name="block_design/filter_in_tdata[4]"/>
        <net name="block_design/filter_in_tdata[3]"/>
        <net name="block_design/filter_in_tdata[2]"/>
        <net name="block_design/filter_in_tdata[1]"/>
        <net name="block_design/filter_in_tdata[0]"/>
      </nets>
    </probe>
    <probe type="ila" busType="net" source="netlist" spec="ILA_V2_RT">
      <probeOptions Id="DebugProbeParams">
        <Option Id="CAPTURE_COMPARE_VALUE" value="eq15&apos;hXXXX"/>
        <Option Id="COMPARE_VALUE.0" value="eq15&apos;hXXXX"/>
        <Option Id="DISPLAY_HINT" value=""/>
        <Option Id="DISPLAY_VISIBILITY" value=""/>
        <Option Id="HW_ILA" value="hw_ila_1"/>
        <Option Id="MAP" value="probe2[14:0]"/>
        <Option Id="NAME.CUSTOM" value=""/>
        <Option Id="NAME.SELECT" value="Long"/>
        <Option Id="SOURCE" value="netlist"/>
        <Option Id="TRIGGER_COMPARE_VALUE" value="eq15&apos;hXXXX"/>
      </probeOptions>
      <nets>
        <net name="distance[15]"/>
        <net name="distance[14]"/>
        <net name="distance[13]"/>
        <net name="distance[12]"/>
        <net name="distance[11]"/>
        <net name="distance[10]"/>
        <net name="distance[9]"/>
        <net name="distance[8]"/>
        <net name="distance[7]"/>
        <net name="distance[6]"/>
        <net name="distance[5]"/>
        <net name="distance[4]"/>
        <net name="distance[3]"/>
        <net name="distance[2]"/>
        <net name="distance[1]"/>
      </nets>
    </probe>
    <probe type="ila" busType="net" source="netlist" spec="ILA_V2_RT">
      <probeOptions Id="DebugProbeParams">
        <Option Id="CAPTURE_COMPARE_VALUE" value="eq15&apos;hXXXX"/>
        <Option Id="COMPARE_VALUE.0" value="eq15&apos;hXXXX"/>
        <Option Id="DISPLAY_HINT" value=""/>
        <Option Id="DISPLAY_VISIBILITY" value=""/>
        <Option Id="HW_ILA" value="hw_ila_1"/>
        <Option Id="MAP" value="probe1[14:0]"/>
        <Option Id="NAME.CUSTOM" value=""/>
        <Option Id="NAME.SELECT" value="Long"/>
        <Option Id="SOURCE" value="netlist"/>
        <Option Id="TRIGGER_COMPARE_VALUE" value="eq15&apos;hXXXX"/>
      </probeOptions>
      <nets>
        <net name="distance_q[14]"/>
        <net name="distance_q[13]"/>
        <net name="distance_q[12]"/>
        <net name="distance_q[11]"/>
        <net name="distance_q[10]"/>
        <net name="distance_q[9]"/>
        <net name="distance_q[8]"/>
        <net name="distance_q[7]"/>
        <net name="distance_q[6]"/>
        <net name="distance_q[5]"/>
        <net name="distance_q[4]"/>
        <net name="distance_q[3]"/>
        <net name="distance_q[2]"/>
        <net name="distance_q[1]"/>
        <net name="distance_q[0]"/>
      </nets>
    </probe>
    <probe type="ila" busType="net" source="netlist" spec="ILA_V2_RT">
      <probeOptions Id="DebugProbeParams">
        <Option Id="CAPTURE_COMPARE_VALUE" value="eq16&apos;hXXXX"/>
        <Option Id="COMPARE_VALUE.0" value="eq16&apos;hXXXX"/>
        <Option Id="DISPLAY_HINT" value=""/>
        <Option Id="DISPLAY_VISIBILITY" value=""/>
        <Option Id="HW_ILA" value="hw_ila_1"/>
        <Option Id="MAP" value="probe2[15:0]"/>
        <Option Id="NAME.CUSTOM" value=""/>
        <Option Id="NAME.SELECT" value="Long"/>
        <Option Id="SOURCE" value="netlist"/>
        <Option Id="TRIGGER_COMPARE_VALUE" value="eq16&apos;hXXXX"/>
      </probeOptions>
      <nets>
        <net name="distance_q[15]"/>
        <net name="distance_q[14]"/>
        <net name="distance_q[13]"/>
        <net name="distance_q[12]"/>
        <net name="distance_q[11]"/>
        <net name="distance_q[10]"/>
        <net name="distance_q[9]"/>
        <net name="distance_q[8]"/>
        <net name="distance_q[7]"/>
        <net name="distance_q[6]"/>
        <net name="distance_q[5]"/>
        <net name="distance_q[4]"/>
        <net name="distance_q[3]"/>
        <net name="distance_q[2]"/>
        <net name="distance_q[1]"/>
        <net name="distance_q[0]"/>
      </nets>
    </probe>
    <probe type="ila" busType="net" source="netlist" spec="ILA_V2_RT">
      <probeOptions Id="DebugProbeParams">
        <Option Id="CAPTURE_COMPARE_VALUE" value="eq15&apos;hXXXX"/>
        <Option Id="COMPARE_VALUE.0" value="eq15&apos;hXXXX"/>
        <Option Id="DISPLAY_HINT" value=""/>
        <Option Id="DISPLAY_VISIBILITY" value=""/>
        <Option Id="HW_ILA" value="hw_ila_1"/>
        <Option Id="MAP" value="probe4[14:0]"/>
        <Option Id="NAME.CUSTOM" value=""/>
        <Option Id="NAME.SELECT" value="Long"/>
        <Option Id="SOURCE" value="netlist"/>
        <Option Id="TRIGGER_COMPARE_VALUE" value="eq15&apos;hXXXX"/>
      </probeOptions>
      <nets>
        <net name="distance_tdata[14]"/>
        <net name="distance_tdata[13]"/>
        <net name="distance_tdata[12]"/>
        <net name="distance_tdata[11]"/>
        <net name="distance_tdata[10]"/>
        <net name="distance_tdata[9]"/>
        <net name="distance_tdata[8]"/>
        <net name="distance_tdata[7]"/>
        <net name="distance_tdata[6]"/>
        <net name="distance_tdata[5]"/>
        <net name="distance_tdata[4]"/>
        <net name="distance_tdata[3]"/>
        <net name="distance_tdata[2]"/>
        <net name="distance_tdata[1]"/>
        <net name="distance_tdata[0]"/>
      </nets>
    </probe>
    <probe type="ila" busType="net" source="netlist" spec="ILA_V2_RT">
      <probeOptions Id="DebugProbeParams">
        <Option Id="CAPTURE_COMPARE_VALUE" value="eq16&apos;hXXXX"/>
        <Option Id="COMPARE_VALUE.0" value="eq16&apos;hXXXX"/>
        <Option Id="DISPLAY_HINT" value=""/>
        <Option Id="DISPLAY_VISIBILITY" value=""/>
        <Option Id="HW_ILA" value="hw_ila_1"/>
        <Option Id="MAP" value="probe3[15:0]"/>
        <Option Id="NAME.CUSTOM" value=""/>
        <Option Id="NAME.SELECT" value="Long"/>
        <Option Id="SOURCE" value="netlist"/>
        <Option Id="TRIGGER_COMPARE_VALUE" value="eq16&apos;hXXXX"/>
      </probeOptions>
      <nets>
        <net name="distance_tdata[15]"/>
        <net name="distance_tdata[14]"/>
        <net name="distance_tdata[13]"/>
        <net name="distance_tdata[12]"/>
        <net name="distance_tdata[11]"/>
        <net name="distance_tdata[10]"/>
        <net name="distance_tdata[9]"/>
        <net name="distance_tdata[8]"/>
        <net name="distance_tdata[7]"/>
        <net name="distance_tdata[6]"/>
        <net name="distance_tdata[5]"/>
        <net name="distance_tdata[4]"/>
        <net name="distance_tdata[3]"/>
        <net name="distance_tdata[2]"/>
        <net name="distance_tdata[1]"/>
        <net name="distance_tdata[0]"/>
      </nets>
    </probe>
    <probe type="ila" busType="net" source="netlist" spec="ILA_V2_RT">
      <probeOptions Id="DebugProbeParams">
        <Option Id="CAPTURE_COMPARE_VALUE" value="eq15&apos;hXXXX"/>
        <Option Id="COMPARE_VALUE.0" value="eq15&apos;hXXXX"/>
        <Option Id="DISPLAY_HINT" value=""/>
        <Option Id="DISPLAY_VISIBILITY" value=""/>
        <Option Id="HW_ILA" value="hw_ila_1"/>
        <Option Id="MAP" value="probe5[14:0]"/>
        <Option Id="NAME.CUSTOM" value=""/>
        <Option Id="NAME.SELECT" value="Long"/>
        <Option Id="SOURCE" value="netlist"/>
        <Option Id="TRIGGER_COMPARE_VALUE" value="eq15&apos;hXXXX"/>
      </probeOptions>
      <nets>
        <net name="velocity[15]"/>
        <net name="velocity[14]"/>
        <net name="velocity[13]"/>
        <net name="velocity[12]"/>
        <net name="velocity[11]"/>
        <net name="velocity[10]"/>
        <net name="velocity[9]"/>
        <net name="velocity[8]"/>
        <net name="velocity[7]"/>
        <net name="velocity[6]"/>
        <net name="velocity[5]"/>
        <net name="velocity[4]"/>
        <net name="velocity[3]"/>
        <net name="velocity[2]"/>
        <net name="velocity[1]"/>
      </nets>
    </probe>
    <probe type="ila" busType="net" source="netlist" spec="ILA_V2_RT">
      <probeOptions Id="DebugProbeParams">
        <Option Id="CAPTURE_COMPARE_VALUE" value="eq15&apos;hXXXX"/>
        <Option Id="COMPARE_VALUE.0" value="eq15&apos;hXXXX"/>
        <Option Id="DISPLAY_HINT" value=""/>
        <Option Id="DISPLAY_VISIBILITY" value=""/>
        <Option Id="HW_ILA" value="hw_ila_1"/>
        <Option Id="MAP" value="probe6[14:0]"/>
        <Option Id="NAME.CUSTOM" value=""/>
        <Option Id="NAME.SELECT" value="Long"/>
        <Option Id="SOURCE" value="netlist"/>
        <Option Id="TRIGGER_COMPARE_VALUE" value="eq15&apos;hXXXX"/>
      </probeOptions>
      <nets>
        <net name="velocity_q[15]"/>
        <net name="velocity_q[14]"/>
        <net name="velocity_q[13]"/>
        <net name="velocity_q[12]"/>
        <net name="velocity_q[11]"/>
        <net name="velocity_q[10]"/>
        <net name="velocity_q[9]"/>
        <net name="velocity_q[8]"/>
        <net name="velocity_q[7]"/>
        <net name="velocity_q[6]"/>
        <net name="velocity_q[5]"/>
        <net name="velocity_q[4]"/>
        <net name="velocity_q[3]"/>
        <net name="velocity_q[2]"/>
        <net name="velocity_q[1]"/>
      </nets>
    </probe>
  </probeset>
</hwsession>
