<?xml version="1.0" encoding="UTF-8"?>
<GenRun Id="impl_1" LaunchPart="xc7a35tcpg236-1" LaunchTime="1474485804">
  <File Type="OPT-DCP" Name="sonar_opt.dcp"/>
  <File Type="ROUTE-STATUS-PB" Name="sonar_route_status.pb"/>
  <File Type="PA-TCL" Name="sonar.tcl"/>
  <File Type="RDI-RDI" Name="sonar.vdi"/>
  <File Type="PWROPT-DRC" Name="sonar_drc_pwropted.rpt"/>
  <File Type="OPT-METHODOLOGY-DRC" Name="sonar_methodology_drc_opted.rpt"/>
  <File Type="INIT-TIMING" Name="sonar_timing_summary_init.rpt"/>
  <File Type="OPT-DRC" Name="sonar_drc_opted.rpt"/>
  <File Type="PWROPT-DCP" Name="sonar_pwropt.dcp"/>
  <File Type="OPT-HWDEF" Name="sonar.hwdef"/>
  <File Type="OPT-TIMING" Name="sonar_timing_summary_opted.rpt"/>
  <File Type="PWROPT-TIMING" Name="sonar_timing_summary_pwropted.rpt"/>
  <File Type="PLACE-DCP" Name="sonar_placed.dcp"/>
  <File Type="PLACE-IO" Name="sonar_io_placed.rpt"/>
  <File Type="PLACE-CLK" Name="sonar_clock_utilization_placed.rpt"/>
  <File Type="PLACE-UTIL" Name="sonar_utilization_placed.rpt"/>
  <File Type="PLACE-UTIL-PB" Name="sonar_utilization_placed.pb"/>
  <File Type="PLACE-CTRL" Name="sonar_control_sets_placed.rpt"/>
  <File Type="PLACE-SIMILARITY" Name="sonar_incremental_reuse_placed.rpt"/>
  <File Type="PLACE-PRE-SIMILARITY" Name="sonar_incremental_reuse_pre_placed.rpt"/>
  <File Type="PLACE-TIMING" Name="sonar_timing_summary_placed.rpt"/>
  <File Type="POSTPLACE-PWROPT-DCP" Name="sonar_postplace_pwropt.dcp"/>
  <File Type="POSTPLACE-PWROPT-TIMING" Name="sonar_timing_summary_postplace_pwropted.rpt"/>
  <File Type="PHYSOPT-DCP" Name="sonar_physopt.dcp"/>
  <File Type="PHYSOPT-DRC" Name="sonar_drc_physopted.rpt"/>
  <File Type="PHYSOPT-TIMING" Name="sonar_timing_summary_physopted.rpt"/>
  <File Type="ROUTE-DCP" Name="sonar_routed.dcp"/>
  <File Type="ROUTE-BLACKBOX-DCP" Name="sonar_routed_bb.dcp"/>
  <File Type="ROUTE-DRC" Name="sonar_drc_routed.rpt"/>
  <File Type="ROUTE-DRC-PB" Name="sonar_drc_routed.pb"/>
  <File Type="ROUTE-METHODOLOGY-DRC" Name="sonar_methodology_drc_routed.rpt"/>
  <File Type="BG-BIT" Name="sonar.bit"/>
  <File Type="ROUTE-METHODOLOGY-DRC-PB" Name="sonar_methodology_drc_routed.pb"/>
  <File Type="ROUTE-PWR" Name="sonar_power_routed.rpt"/>
  <File Type="ROUTE-PWR-SUM" Name="sonar_power_summary_routed.pb"/>
  <File Type="ROUTE-PWR-RPX" Name="sonar_power_routed.rpx"/>
  <File Type="ROUTE-STATUS" Name="sonar_route_status.rpt"/>
  <File Type="ROUTE-TIMINGSUMMARY" Name="sonar_timing_summary_routed.rpt"/>
  <File Type="ROUTE-TIMING-PB" Name="sonar_timing_summary_routed.pb"/>
  <File Type="ROUTE-TIMING-RPX" Name="sonar_timing_summary_routed.rpx"/>
  <File Type="ROUTE-SIMILARITY" Name="sonar_incremental_reuse_routed.rpt"/>
  <File Type="ROUTE-CLK" Name="sonar_clock_utilization_routed.rpt"/>
  <File Type="POSTROUTE-PHYSOPT-DCP" Name="sonar_postroute_physopt.dcp"/>
  <File Type="POSTROUTE-PHYSOPT-BLACKBOX-DCP" Name="sonar_postroute_physopt_bb.dcp"/>
  <File Type="POSTROUTE-PHYSOPT-TIMING" Name="sonar_timing_summary_postroute_physopted.rpt"/>
  <File Type="POSTROUTE-PHYSOPT-TIMING-PB" Name="sonar_timing_summary_postroute_physopted.pb"/>
  <File Type="POSTROUTE-PHYSOPT-TIMING-RPX" Name="sonar_timing_summary_postroute_physopted.rpx"/>
  <File Type="BG-BIN" Name="sonar.bin"/>
  <File Type="BITSTR-MSK" Name="sonar.msk"/>
  <File Type="BITSTR-RBT" Name="sonar.rbt"/>
  <File Type="BITSTR-NKY" Name="sonar.nky"/>
  <File Type="BITSTR-BMM" Name="sonar_bd.bmm"/>
  <File Type="BITSTR-MMI" Name="sonar.mmi"/>
  <File Type="BITSTR-SYSDEF" Name="sonar.sysdef"/>
  <File Type="BG-BGN" Name="sonar.bgn"/>
  <File Type="BG-DRC" Name="sonar.drc"/>
  <File Type="WBT-USG" Name="usage_statistics_webtalk.html"/>
  <FileSet Name="sources" Type="DesignSrcs" RelSrcDir="$PSRCDIR/sources_1">
    <Filter Type="Srcs"/>
    <File Path="$PSRCDIR/sources_1/new/seg7.sv">
      <FileInfo>
        <Attr Name="ImportPath" Val="W:/Sonar/Sonar.srcs/sources_1/new/seg7.sv"/>
        <Attr Name="ImportTime" Val="1472252996"/>
        <Attr Name="UsedIn" Val="synthesis"/>
        <Attr Name="UsedIn" Val="implementation"/>
        <Attr Name="UsedIn" Val="simulation"/>
      </FileInfo>
    </File>
    <File Path="$PSRCDIR/sources_1/new/bcd.sv">
      <FileInfo>
        <Attr Name="ImportPath" Val="W:/Sonar/Sonar.srcs/sources_1/new/bcd.sv"/>
        <Attr Name="ImportTime" Val="1474425263"/>
        <Attr Name="UsedIn" Val="synthesis"/>
        <Attr Name="UsedIn" Val="implementation"/>
        <Attr Name="UsedIn" Val="simulation"/>
      </FileInfo>
    </File>
    <File Path="$PSRCDIR/sources_1/new/seg_display.sv">
      <FileInfo>
        <Attr Name="ImportPath" Val="W:/Sonar/Sonar.srcs/sources_1/new/seg_display.sv"/>
        <Attr Name="ImportTime" Val="1474486131"/>
        <Attr Name="UsedIn" Val="synthesis"/>
        <Attr Name="UsedIn" Val="implementation"/>
        <Attr Name="UsedIn" Val="simulation"/>
      </FileInfo>
    </File>
    <File Path="$PSRCDIR/sources_1/bd/design_1/design_1.bd">
      <FileInfo>
        <Attr Name="ImportPath" Val="W:/Sonar/Sonar.srcs/sources_1/bd/design_1/design_1.bd"/>
        <Attr Name="ImportTime" Val="1472663888"/>
        <Attr Name="UsedIn" Val="synthesis"/>
        <Attr Name="UsedIn" Val="implementation"/>
        <Attr Name="UsedIn" Val="simulation"/>
      </FileInfo>
    </File>
    <File Path="$PSRCDIR/sources_1/new/sonar.sv">
      <FileInfo>
        <Attr Name="ImportPath" Val="W:/Sonar/Sonar.srcs/sources_1/new/sonar.sv"/>
        <Attr Name="ImportTime" Val="1472663881"/>
        <Attr Name="UsedIn" Val="synthesis"/>
        <Attr Name="UsedIn" Val="implementation"/>
        <Attr Name="UsedIn" Val="simulation"/>
      </FileInfo>
    </File>
    <Config>
      <Option Name="DesignMode" Val="RTL"/>
      <Option Name="TopModule" Val="sonar"/>
      <Option Name="TopAutoSet" Val="TRUE"/>
    </Config>
  </FileSet>
  <FileSet Name="constrs_in" Type="Constrs" RelSrcDir="$PSRCDIR/constrs_1">
    <Filter Type="Constrs"/>
    <File Path="$PSRCDIR/constrs_1/imports/Basys3_Master.xdc">
      <FileInfo>
        <Attr Name="ImportPath" Val="W:/Basys3_Master.xdc"/>
        <Attr Name="ImportTime" Val="1472136242"/>
        <Attr Name="UsedIn" Val="synthesis"/>
        <Attr Name="UsedIn" Val="implementation"/>
      </FileInfo>
    </File>
    <Config>
      <Option Name="TargetConstrsFile" Val="$PSRCDIR/constrs_1/imports/Basys3_Master.xdc"/>
      <Option Name="ConstrsType" Val="XDC"/>
    </Config>
  </FileSet>
  <Strategy Version="1" Minor="2">
    <StratHandle Name="Vivado Implementation Defaults" Flow="Vivado Implementation 2016"/>
    <Step Id="init_design"/>
    <Step Id="opt_design"/>
    <Step Id="power_opt_design"/>
    <Step Id="place_design"/>
    <Step Id="post_place_power_opt_design"/>
    <Step Id="phys_opt_design"/>
    <Step Id="route_design"/>
    <Step Id="post_route_phys_opt_design"/>
    <Step Id="write_bitstream" PostStepTclHook="W:/Sonar/Sonar.srcs/sources_1/new/program_fpga.tcl">
      <Option Id="BinFile">1</Option>
    </Step>
  </Strategy>
</GenRun>
