"Freq [GHz]","dB(S(1,1)) []"
1.5,-2.47019886993261
1.501,-2.46353275523029
1.502,-2.45698704759935
1.503,-2.45056239648054
1.504,-2.44425943014688
1.505,-2.43807875583896
1.506,-2.43202095990253
1.507,-2.42608660792779
1.508,-2.42027624489097
1.509,-2.4145903952981
1.51,-2.40902956333085
1.511,-2.40359423299419
1.512,-2.39828486826652
1.513,-2.39310191325161
1.514,-2.38804579233265
1.515,-2.38311691032815
1.516,-2.37831565265026
1.517,-2.3736423854648
1.518,-2.36909745585316
1.519,-2.36468119197635
1.52,-2.36039390324095
1.521,-2.35623588046711
1.522,-2.35220739605784
1.523,-2.34830870417087
1.524,-2.34454004089196
1.525,-2.34090162440992
1.526,-2.33739365519359
1.527,-2.33401631617057
1.528,-2.33076977290722
1.529,-2.32765417379091
1.53,-2.32466965021329
1.531,-2.32181631675568
1.532,-2.31909427137557
1.533,-2.31650359559476
1.534,-2.314044354689
1.535,-2.3117165978789
1.536,-2.30952035852239
1.537,-2.30745565430835
1.538,-2.30552248745142
1.539,-2.30372084488839
1.54,-2.30205069847526
1.541,-2.30051200518594
1.542,-2.29910470731158
1.543,-2.29782873266136
1.544,-2.29668399476379
1.545,-2.29567039306942
1.546,-2.29478781315395
1.547,-2.29403612692252
1.548,-2.29341519281487
1.549,-2.29292485601056
1.55,-2.29256494863583
1.551,-2.29233528997019
1.552,-2.29223568665404
1.553,-2.29226593289695
1.554,-2.29242581068594
1.555,-2.29271508999449
1.556,-2.2931335289918
1.557,-2.29368087425255
1.558,-2.29435686096654
1.559,-2.29516121314882
1.56,-2.29609364385
1.561,-2.29715385536663
1.562,-2.29834153945127
1.563,-2.2996563775232
1.564,-2.30109804087847
1.565,-2.30266619090041
1.566,-2.3043604792696
1.567,-2.30618054817362
1.568,-2.30812603051705
1.569,-2.3101965501305
1.57,-2.31239172197982
1.571,-2.31471115237482
1.572,-2.31715443917742
1.573,-2.3197211720095
1.574,-2.32241093245999
1.575,-2.32522329429182
1.576,-2.32815782364804
1.577,-2.33121407925715
1.578,-2.33439161263806
1.579,-2.33768996830427
1.58,-2.34110868396701
1.581,-2.34464729073813
1.582,-2.34830531333169
1.583,-2.35208227026492
1.584,-2.35597767405832
1.585,-2.3599910314349
1.586,-2.36412184351788
1.587,-2.36836960602862
1.588,-2.37273380948222
1.589,-2.37721393938292
1.59,-2.38180947641835
1.591,-2.38651989665224
1.592,-2.39134467171663
1.593,-2.3962832690024
1.594,-2.40133515184919
1.595,-2.40649977973359
1.596,-2.41177660845651
1.597,-2.41716509032936
1.598,-2.42266467435857
1.599,-2.42827480642953
1.6,-2.43399492948868
1.601,-2.43982448372454
1.602,-2.44576290674772
1.603,-2.45180963376906
1.604,-2.45796409777714
1.605,-2.46422572971369
1.606,-2.47059395864864
1.607,-2.4770682119529
1.608,-2.48364791547039
1.609,-2.49033249368859
1.61,-2.49712136990761
1.611,-2.50401396640815
1.612,-2.51100970461789
1.613,-2.51810800527664
1.614,-2.52530828860017
1.615,-2.53260997444279
1.616,-2.54001248245816
1.617,-2.54751523225936
1.618,-2.55511764357712
1.619,-2.5628191364172
1.62,-2.57061913121588
1.621,-2.57851704899468
1.622,-2.58651231151362
1.623,-2.59460434142268
1.624,-2.60279256241306
1.625,-2.611076399366
1.626,-2.61945527850118
1.627,-2.62792862752343
1.628,-2.63649587576841
1.629,-2.64515645434693
1.63,-2.65390979628833
1.631,-2.66275533668227
1.632,-2.67169251281978
1.633,-2.68072076433286
1.634,-2.68983953333306
1.635,-2.69904826454905
1.636,-2.70834640546281
1.637,-2.7177334064451
1.638,-2.72720872088945
1.639,-2.73677180534585
1.64,-2.74642211965241
1.641,-2.75615912706697
1.642,-2.76598229439712
1.643,-2.77589109212978
1.644,-2.78588499455931
1.645,-2.79596347991541
1.646,-2.80612603048928
1.647,-2.81637213275983
1.648,-2.82670127751861
1.649,-2.83711295999391
1.65,-2.84760667997423
1.651,-2.85818194193117
1.652,-2.86883825514123
1.653,-2.87957513380718
1.654,-2.89039209717891
1.655,-2.90128866967326
1.656,-2.91226438099365
1.657,-2.9233187662489
1.658,-2.93445136607151
1.659,-2.94566172673576
1.66,-2.95694940027474
1.661,-2.96831394459751
1.662,-2.97975492360558
1.663,-2.99127190730884
1.664,-3.00286447194142
1.665,-3.01453220007715
1.666,-3.02627468074459
1.667,-3.03809150954182
1.668,-3.04998228875109
1.669,-3.06194662745328
1.67,-3.07398414164177
1.671,-3.08609445433696
1.672,-3.09827719569976
1.673,-3.11053200314566
1.674,-3.12285852145839
1.675,-3.13525640290359
1.676,-3.14772530734277
1.677,-3.16026490234677
1.678,-3.17287486330972
1.679,-3.18555487356291
1.68,-3.1983046244888
1.681,-3.21112381563516
1.682,-3.22401215482934
1.683,-3.23696935829287
1.684,-3.24999515075625
1.685,-3.2630892655739
1.686,-3.27625144483933
1.687,-3.28948143950116
1.688,-3.30277900947863
1.689,-3.31614392377826
1.69,-3.32957596061045
1.691,-3.34307490750678
1.692,-3.35664056143734
1.693,-3.37027272892932
1.694,-3.38397122618519
1.695,-3.39773587920206
1.696,-3.41156652389142
1.697,-3.42546300619944
1.698,-3.43942518222775
1.699,-3.45345291835521
1.7,-3.46754609136008
1.701,-3.48170458854281
1.702,-3.49592830784992
1.703,-3.51021715799816
1.704,-3.52457105859974
1.705,-3.53898994028828
1.706,-3.55347374484555
1.707,-3.56802242532896
1.708,-3.58263594620008
1.709,-3.59731428345392
1.71,-3.61205742474912
1.711,-3.62686536953907
1.712,-3.64173812920405
1.713,-3.6566757271842
1.714,-3.67167819911355
1.715,-3.68674559295507
1.716,-3.70187796913679
1.717,-3.71707540068861
1.718,-3.73233797338091
1.719,-3.74766578586336
1.72,-3.76305894980558
1.721,-3.77851759003837
1.722,-3.79404184469647
1.723,-3.80963186536217
1.724,-3.82528781721033
1.725,-3.84100987915438
1.726,-3.85679824399381
1.727,-3.87265311856238
1.728,-3.88857472387815
1.729,-3.90456329529438
1.73,-3.92061908265166
1.731,-3.93674235043164
1.732,-3.95293337791177
1.733,-3.96919245932132
1.734,-3.98551990399892
1.735,-4.0019160365513
1.736,-4.01838119701332
1.737,-4.03491574100949
1.738,-4.05152003991668
1.739,-4.06819448102836
1.74,-4.08493946772014
1.741,-4.10175541961652
1.742,-4.1186427727596
1.743,-4.1356019797784
1.744,-4.15263351006029
1.745,-4.16973784992349
1.746,-4.18691550279098
1.747,-4.20416698936609
1.748,-4.22149284780928
1.749,-4.23889363391656
1.75,-4.25636992129919
1.751,-4.27392230156498
1.752,-4.29155138450103
1.753,-4.30925779825787
1.754,-4.32704218953516
1.755,-4.34490522376892
1.756,-4.36284758531993
1.757,-4.3808699776641
1.758,-4.39897312358395
1.759,-4.41715776536168
1.76,-4.43542466497383
1.761,-4.45377460428741
1.762,-4.4722083852573
1.763,-4.49072683012554
1.764,-4.50933078162178
1.765,-4.5280211031654
1.766,-4.54679867906912
1.767,-4.56566441474406
1.768,-4.58461923690624
1.769,-4.60366409378476
1.77,-4.62279995533144
1.771,-4.64202781343163
1.772,-4.66134868211703
1.773,-4.68076359777966
1.774,-4.70027361938737
1.775,-4.71987982870096
1.776,-4.73958333049266
1.777,-4.75938525276609
1.778,-4.77928674697796
1.779,-4.79928898826078
1.78,-4.81939317564751
1.781,-4.83960053229739
1.782,-4.85991230572343
1.783,-4.88032976802123
1.784,-4.90085421609927
1.785,-4.92148697191079
1.786,-4.94222938268718
1.787,-4.9630828211724
1.788,-4.98404868585946
1.789,-5.00512840122789
1.79,-5.0263234179829
1.791,-5.04763521329596
1.792,-5.06906529104673
1.793,-5.09061518206651
1.794,-5.11228644438323
1.795,-5.13408066346769
1.796,-5.15599945248136
1.797,-5.17804445252566
1.798,-5.20021733289265
1.799,-5.2225197913171
1.8,-5.24495355423017
1.801,-5.26752037701433
1.802,-5.29022204425996
1.803,-5.3130603700233
1.804,-5.33603719808579
1.805,-5.35915440221507
1.806,-5.38241388642731
1.807,-5.405817585251
1.808,-5.42936746399245
1.809,-5.45306551900249
1.81,-5.47691377794496
1.811,-5.5009143000665
1.812,-5.52506917646804
1.813,-5.54938053037778
1.814,-5.57385051742572
1.815,-5.59848132591976
1.816,-5.62327517712352
1.817,-5.64823432553563
1.818,-5.67336105917073
1.819,-5.69865769984218
1.82,-5.72412660344642
1.821,-5.74977016024899
1.822,-5.77559079517247
1.823,-5.80159096808596
1.824,-5.8277731740967
1.825,-5.8541399438431
1.826,-5.88069384379012
1.827,-5.90743747652621
1.828,-5.93437348106242
1.829,-5.96150453313352
1.83,-5.98883334550104
1.831,-6.01636266825851
1.832,-6.04409528913893
1.833,-6.0720340338243
1.834,-6.10018176625755
1.835,-6.1285413889567
1.836,-6.15711584333159
1.837,-6.18590811000279
1.838,-6.21492120912335
1.839,-6.24415820070289
1.84,-6.27362218493457
1.841,-6.30331630252467
1.842,-6.33324373502506
1.843,-6.36340770516865
1.844,-6.39381147720767
1.845,-6.42445835725526
1.846,-6.45535169363003
1.847,-6.4864948772041
1.848,-6.51789134175436
1.849,-6.54954456431722
1.85,-6.58145806554706
1.851,-6.61363541007822
1.852,-6.64608020689084
1.853,-6.67879610968055
1.854,-6.71178681723226
1.855,-6.74505607379789
1.856,-6.77860766947854
1.857,-6.81244544061074
1.858,-6.84657327015742
1.859,-6.88099508810324
1.86,-6.91571487185465
1.861,-6.95073664664475
1.862,-6.986064485943
1.863,-7.02170251186996
1.864,-7.05765489561713
1.865,-7.09392585787191
1.866,-7.13051966924796
1.867,-7.16744065072077
1.868,-7.20469317406892
1.869,-7.24228166232056
1.87,-7.28021059020583
1.871,-7.31848448461453
1.872,-7.35710792505985
1.873,-7.39608554414746
1.874,-7.43542202805054
1.875,-7.47512211699044
1.876,-7.51519060572292
1.877,-7.55563234403018
1.878,-7.59645223721822
1.879,-7.63765524661987
1.88,-7.67924639010281
1.881,-7.7212307425831
1.882,-7.76361343654323
1.883,-7.80639966255517
1.884,-7.84959466980749
1.885,-7.89320376663681
1.886,-7.93723232106257
1.887,-7.98168576132518
1.888,-8.02656957642676
1.889,-8.07188931667379
1.89,-8.1176505942212
1.891,-8.16385908361704
1.892,-8.21052052234691
1.893,-8.25764071137701
1.894,-8.30522551569492
1.895,-8.35328086484703
1.896,-8.40181275347071
1.897,-8.45082724182067
1.898,-8.50033045628679
1.899,-8.55032858990271
1.9,-8.60082790284213
1.901,-8.65183472290158
1.902,-8.70335544596645
1.903,-8.75539653645826
1.904,-8.80796452775977
1.905,-8.86106602261504
1.906,-8.91470769350079
1.907,-8.96889628296535
1.908,-9.02363860393082
1.909,-9.07894153995413
1.91,-9.13481204544168
1.911,-9.19125714581248
1.912,-9.24828393760347
1.913,-9.30589958851076
1.914,-9.36411133735963
1.915,-9.42292649399586
1.916,-9.48235243908921
1.917,-9.5423966238412
1.918,-9.60306656958595
1.919,-9.66436986727437
1.92,-9.72631417682899
1.921,-9.78890722635778
1.922,-9.85215681121192
1.923,-9.91607079287354
1.924,-9.98065709765615
1.925,-10.0459237152009
1.926,-10.1118786967485
1.927,-10.1785301531669
1.928,-10.2458862527104
1.929,-10.3139552184883
1.93,-10.3827453256125
1.931,-10.4522648979994
1.932,-10.5225223047905
1.933,-10.5935259563609
1.934,-10.6652842998765
1.935,-10.7378058143608
1.936,-10.8110990052278
1.937,-10.885172398233
1.938,-10.9600345327928
1.939,-11.035693954615
1.94,-11.1121592075821
1.941,-11.1894388248216
1.942,-11.2675413188921
1.943,-11.3464751710106
1.944,-11.4262488192359
1.945,-11.506870645521
1.946,-11.5883489615355
1.947,-11.6706919931545
1.948,-11.7539078634993
1.949,-11.8380045744082
1.95,-11.922989986203
1.951,-12.0088717956096
1.952,-12.0956575116756
1.953,-12.1833544295185
1.954,-12.2719696017231
1.955,-12.3615098071928
1.956,-12.4519815172443
1.957,-12.5433908587201
1.958,-12.6357435738717
1.959,-12.7290449767543
1.96,-12.8232999058482
1.961,-12.9185126726053
1.962,-13.0146870055949
1.963,-13.1118259899018
1.964,-13.2099320014045
1.965,-13.3090066355367
1.966,-13.4090506301102
1.967,-13.5100637817496
1.968,-13.6120448554635
1.969,-13.7149914868492
1.97,-13.8189000764009
1.971,-13.9237656753663
1.972,-14.0295818625704
1.973,-14.1363406116032
1.974,-14.2440321477464
1.975,-14.3526447940014
1.976,-14.4621648055655
1.977,-14.5725761921015
1.978,-14.6838605271498
1.979,-14.7959967440445
1.98,-14.9089609177249
1.981,-15.0227260318749
1.982,-15.1372617308857
1.983,-15.2525340562209
1.984,-15.3685051668765
1.985,-15.4851330437689
1.986,-15.6023711780648
1.987,-15.7201682436912
1.988,-15.8384677545303
1.989,-15.9572077071356
1.99,-16.0763202101914
1.991,-16.1957311023955
1.992,-16.3153595609828
1.993,-16.4351177037206
1.994,-16.5549101879132
1.995,-16.6746338107532
1.996,-16.7941771162433
1.997,-16.9134200149008
1.998,-17.0322334235276
1.999,-17.1504789334758
2,-17.2680085170492
2.001,-17.3846642829252
2.002,-17.500278292725
2.003,-17.6146724520651
2.004,-17.7276584905217
2.005,-17.839038045877
2.006,-17.9486028687001
2.007,-18.0561351636586
2.008,-18.1614080838589
2.009,-18.2641863938603
2.01,-18.3642273156965
2.011,-18.4612815701621
2.012,-18.5550946226925
2.013,-18.6454081393214
2.014,-18.7319616534142
2.015,-18.8144944381703
2.016,-18.8927475733491
2.017,-18.9664661874531
2.018,-19.0354018489314
2.019,-19.0993150721527
2.02,-19.1579778963061
2.021,-19.2111764884654
2.022,-19.258713716234
2.023,-19.3004116311515
2.024,-19.3361138017937
2.025,-19.365687435577
2.026,-19.389025230919
2.027,-19.4060469066631
2.028,-19.4167003634684
2.029,-19.4209624419099
2.03,-19.418839253886
2.031,-19.410366077015
2.032,-19.3956068153295
2.033,-19.3746530430343
2.034,-19.3476226606593
2.035,-19.3146582039812
2.036,-19.275924855088
2.037,-19.2316082115477
2.038,-19.1819118736355
2.039,-19.1270549109533
2.04,-19.0672692686948
2.041,-19.0027971705466
2.042,-18.9338885701601
2.043,-18.8607986967184
2.044,-18.7837857328184
2.045,-18.7031086551403
2.046,-18.6190252605891
2.047,-18.5317903931066
2.048,-18.4416543794357
2.049,-18.348861675973
2.05,-18.2536497235755
2.051,-18.1562480028587
2.052,-18.0568772791286
2.053,-17.9557490235837
2.054,-17.8530649957275
2.055,-17.7490169709552
2.056,-17.6437865969067
2.057,-17.5375453623061
2.058,-17.4304546625298
2.059,-17.3226659469603
2.06,-17.2143209342116
2.061,-17.1055518824653
2.062,-16.9964819033892
2.063,-16.8872253093603
2.064,-16.7778879849404
2.065,-16.6685677747402
2.066,-16.5593548809173
2.067,-16.450332264585
2.068,-16.3415760463481
2.069,-16.2331559020287
2.07,-16.1251354503954
2.071,-16.0175726303743
2.072,-15.910520065793
2.073,-15.8040254162082
2.074,-15.6981317127907
2.075,-15.592877678598
2.076,-15.4882980328647
2.077,-15.3844237791885
2.078,-15.281282477688
2.079,-15.1788985013731
2.08,-15.0772932770926
2.081,-14.9764855115247
2.082,-14.8764914027458
2.083,-14.7773248379702
2.084,-14.6789975780823
2.085,-14.5815194296093
2.086,-14.4848984047868
2.087,-14.3891408703742
2.088,-14.2942516858634
2.089,-14.2002343317156
2.09,-14.1070910282391
2.091,-14.0148228457021
2.092,-13.9234298062487
2.093,-13.8329109781614
2.094,-13.743264562987
2.095,-13.654487976016
2.096,-13.5665779205779
2.097,-13.4795304565879
2.098,-13.3933410637571
2.099,-13.308004699848
2.1,-13.2235158543378
2.101,-13.1398685978247
2.102,-13.0570566274923
2.103,-12.9750733089247
2.104,-12.8939117145449
2.105,-12.8135646589309
2.106,-12.7340247312446
2.107,-12.655284324993
2.108,-12.5773356653246
2.109,-12.5001708340499
2.11,-12.423781792559
2.111,-12.3481604028008
2.112,-12.2732984464706
2.113,-12.1991876425468
2.114,-12.1258196633035
2.115,-12.0531861489187
2.116,-11.9812787207861
2.117,-11.9100889936343
2.118,-11.8396085865437
2.119,-11.7698291329509
2.12,-11.7007422897178
2.121,-11.6323397453417
2.122,-11.5646132273712
2.123,-11.4975545090951
2.124,-11.4311554155582
2.125,-11.365407828961
2.126,-11.30030369349
2.127,-11.2358350196269
2.128,-11.1719938879771
2.129,-11.1087724526564
2.13,-11.0461629442739
2.131,-10.9841576725411
2.132,-10.9227490285407
2.133,-10.8619294866817
2.134,-10.8016916063673
2.135,-10.7420280333992
2.136,-10.682931501142
2.137,-10.6243948314661
2.138,-10.5664109354891
2.139,-10.5089728141335
2.14,-10.4520735585158
2.141,-10.3957063501824
2.142,-10.3398644612055
2.143,-10.284541254153
2.144,-10.2297301819412
2.145,-10.1754247875846
2.146,-10.1216187038494
2.147,-10.0683056528219
2.148,-10.0154794453996
2.149,-9.96313398071214
2.15,-9.91126324548
2.151,-9.85986131331716
2.152,-9.80892234398358
2.153,-9.75844058259351
2.154,-9.70841035878406
2.155,-9.65882608584946
2.156,-9.60968225984477
2.157,-9.56097345866326
2.158,-9.51269434109087
2.159,-9.46483964584147
2.16,-9.41740419057557
2.161,-9.37038287090561
2.162,-9.32377065938999
2.163,-9.27756260451875
2.164,-9.2317538296925
2.165,-9.18633953219704
2.166,-9.14131498217494
2.167,-9.09667552159626
2.168,-9.05241656322942
2.169,-9.00853358961408
2.17,-8.96502215203654
2.171,-8.92187786950955
2.172,-8.87909642775701
2.173,-8.83667357820477
2.174,-8.79460513697788
2.175,-8.75288698390573
2.176,-8.71151506153515
2.177,-8.67048537415237
2.178,-8.62979398681403
2.179,-8.58943702438821
2.18,-8.54941067060536
2.181,-8.50971116711989
2.182,-8.47033481258236
2.183,-8.43127796172294
2.184,-8.39253702444597
2.185,-8.35410846493612
2.186,-8.31598880077607
2.187,-8.27817460207596
2.188,-8.24066249061481
2.189,-8.20344913899367
2.19,-8.16653126980079
2.191,-8.12990565478887
2.192,-8.09356911406421
2.193,-8.05751851528791
2.194,-8.0217507728889
2.195,-7.98626284728909
2.196,-7.9510517441402
2.197,-7.91611451357254
2.198,-7.88144824945536
2.199,-7.84705008866896
2.2,-7.81291721038822
2.201,-7.77904683537781
2.202,-7.74543622529833
2.203,-7.71208268202402
2.204,-7.6789835469714
2.205,-7.64613620043893
2.206,-7.61353806095739
2.207,-7.58118658465115
2.208,-7.54907926460978
2.209,-7.5172136302704
2.21,-7.48558724680988
2.211,-7.4541977145476
2.212,-7.42304266835795
2.213,-7.39211977709284
2.214,-7.36142674301373
2.215,-7.33096130123346
2.216,-7.3007212191672
2.217,-7.27070429599308
2.218,-7.24090836212148
2.219,-7.21133127867361
2.22,-7.18197093696882
2.221,-7.15282525802064
2.222,-7.12389219204132
2.223,-7.0951697179548
2.224,-7.06665584291786
2.225,-7.03834860184966
2.226,-7.01024605696889
2.227,-6.98234629733908
2.228,-6.95464743842148
2.229,-6.92714762163555
2.23,-6.89984501392698
2.231,-6.87273780734288
2.232,-6.84582421861425
2.233,-6.81910248874568
2.234,-6.79257088261162
2.235,-6.76622768855982
2.236,-6.74007121802144
2.237,-6.71409980512748
2.238,-6.68831180633196
2.239,-6.66270560004135
2.24,-6.63727958625024
2.241,-6.61203218618316
2.242,-6.58696184194241
2.243,-6.56206701616186
2.244,-6.53734619166639
2.245,-6.51279787113737
2.246,-6.48842057678336
2.247,-6.46421285001665
2.248,-6.44017325113493
2.249,-6.41630035900861
2.25,-6.39259277077299
2.251,-6.36904910152579
2.252,-6.34566798402978
2.253,-6.32244806842013
2.254,-6.29938802191687
2.255,-6.27648652854187
2.256,-6.25374228884085
2.257,-6.23115401960964
2.258,-6.20872045362532
2.259,-6.18644033938158
2.26,-6.16431244082848
2.261,-6.14233553711672
2.262,-6.12050842234593
2.263,-6.09882990531717
2.264,-6.07729880928953
2.265,-6.05591397174081
2.266,-6.03467424413208
2.267,-6.01357849167619
2.268,-5.99262559310991
2.269,-5.97181444047019
2.27,-5.95114393887379
2.271,-5.93061300630053
2.272,-5.91022057338044
2.273,-5.88996558318416
2.274,-5.86984699101673
2.275,-5.84986376421505
2.276,-5.83001488194846
2.277,-5.81029933502267
2.278,-5.79071612568703
2.279,-5.77126426744476
2.28,-5.75194278486654
2.281,-5.73275071340707
2.282,-5.71368709922464
2.283,-5.69475099900387
2.284,-5.67594147978098
2.285,-5.6572576187725
2.286,-5.63869850320635
2.287,-5.62026323015608
2.288,-5.60195090637749
2.289,-5.58376064814842
2.29,-5.56569158111081
2.291,-5.5477428401156
2.292,-5.52991356907025
2.293,-5.51220292078863
2.294,-5.49461005684362
2.295,-5.47713414742208
2.296,-5.45977437118229
2.297,-5.44252991511376
2.298,-5.42539997439947
2.299,-5.40838375228036
2.3,-5.39148045992218
2.301,-5.37468931628455
2.302,-5.35800954799232
2.303,-5.34144038920906
2.304,-5.3249810815127
2.305,-5.30863087377336
2.306,-5.29238902203325
2.307,-5.27625478938867
2.308,-5.26022744587391
2.309,-5.24430626834739
2.31,-5.22849054037961
2.311,-5.21277955214304
2.312,-5.19717260030406
2.313,-5.1816689879167
2.314,-5.16626802431825
2.315,-5.15096902502668
2.316,-5.13577131164007
2.317,-5.12067421173744
2.318,-5.10567705878182
2.319,-5.09077919202463
2.32,-5.07597995641202
2.321,-5.06127870249281
2.322,-5.04667478632813
2.323,-5.03216756940263
2.324,-5.01775641853737
2.325,-5.00344070580424
2.326,-4.98921980844206
2.327,-4.97509310877403
2.328,-4.96105999412689
2.329,-4.94711985675145
2.33,-4.93327209374478
2.331,-4.91951610697353
2.332,-4.90585130299901
2.333,-4.89227709300351
2.334,-4.8787928927181
2.335,-4.86539812235167
2.336,-4.85209220652152
2.337,-4.83887457418501
2.338,-4.82574465857285
2.339,-4.81270189712342
2.34,-4.79974573141847
2.341,-4.78687560712004
2.342,-4.77409097390865
2.343,-4.76139128542266
2.344,-4.74877599919895
2.345,-4.73624457661451
2.346,-4.7237964828295
2.347,-4.7114311867313
2.348,-4.6991481608796
2.349,-4.68694688145278
2.35,-4.67482682819537
2.351,-4.66278748436626
2.352,-4.65082833668848
2.353,-4.63894887529958
2.354,-4.6271485937033
2.355,-4.61542698872208
2.356,-4.60378356045068
2.357,-4.59221781221063
2.358,-4.58072925050589
2.359,-4.56931738497907
2.36,-4.55798172836901
2.361,-4.54672179646891
2.362,-4.5355371080855
2.363,-4.52442718499919
2.364,-4.51339155192484
2.365,-4.50242973647365
2.366,-4.49154126911564
2.367,-4.48072568314314
2.368,-4.46998251463494
2.369,-4.45931130242138
2.37,-4.44871158805005
2.371,-4.43818291575238
2.372,-4.42772483241098
2.373,-4.41733688752753
2.374,-4.40701863319164
2.375,-4.39676962405036
2.376,-4.38658941727818
2.377,-4.37647757254796
2.378,-4.36643365200247
2.379,-4.35645722022639
2.38,-4.34654784421934
2.381,-4.33670509336909
2.382,-4.32692853942572
2.383,-4.3172177564763
2.384,-4.30757232092003
2.385,-4.29799181144418
2.386,-4.28847580900038
2.387,-4.27902389678168
2.388,-4.26963566019994
2.389,-4.26031068686392
2.39,-4.25104856655785
2.391,-4.24184889122046
2.392,-4.23271125492453
2.393,-4.22363525385699
2.394,-4.21462048629943
2.395,-4.20566655260912
2.396,-4.19677305520035
2.397,-4.18793959852657
2.398,-4.17916578906249
2.399,-4.17045123528697
2.4,-4.16179554766617
2.401,-4.15319833863716
2.402,-4.14465922259187
2.403,-4.13617781586147
2.404,-4.12775373670116
2.405,-4.11938660527518
2.406,-4.11107604364243
2.407,-4.10282167574219
2.408,-4.0946231273803
2.409,-4.08648002621568
2.41,-4.07839200174716
2.411,-4.07035868530058
2.412,-4.06237971001624
2.413,-4.05445471083667
2.414,-4.04658332449459
2.415,-4.0387651895013
2.416,-4.03099994613527
2.417,-4.02328723643087
2.418,-4.0156267041676
2.419,-4.00801799485942
2.42,-4.00046075574435
2.421,-3.99295463577427
2.422,-3.98549928560507
2.423,-3.9780943575869
2.424,-3.97073950575463
2.425,-3.9634343858187
2.426,-3.95617865515586
2.427,-3.94897197280048
2.428,-3.94181399943569
2.429,-3.93470439738497
2.43,-3.92764283060377
2.431,-3.92062896467138
2.432,-3.91366246678289
2.433,-3.90674300574141
2.434,-3.89987025195031
2.435,-3.89304387740578
2.436,-3.88626355568935
2.437,-3.87952896196071
2.438,-3.87283977295054
2.439,-3.86619566695352
2.44,-3.85959632382151
2.441,-3.85304142495672
2.442,-3.84653065330516
2.443,-3.8400636933501
2.444,-3.83364023110553
2.445,-3.82725995411002
2.446,-3.82092255142036
2.447,-3.81462771360545
2.448,-3.80837513274033
2.449,-3.80216450240008
2.45,-3.79599551765412
2.451,-3.78986787506025
2.452,-3.78378127265896
2.453,-3.77773540996782
2.454,-3.77172998797585
2.455,-3.76576470913796
2.456,-3.75983927736954
2.457,-3.75395339804099
2.458,-3.74810677797237
2.459,-3.74229912542815
2.46,-3.73653015011184
2.461,-3.73079956316087
2.462,-3.72510707714135
2.463,-3.71945240604299
2.464,-3.713835265274
2.465,-3.70825537165592
2.466,-3.7027124434188
2.467,-3.69720620019602
2.468,-3.69173636301939
2.469,-3.68630265431424
2.47,-3.68090479789443
2.471,-3.67554251895758
2.472,-3.67021554408008
2.473,-3.66492360121229
2.474,-3.6596664196737
2.475,-3.65444373014815
2.476,-3.64925526467898
2.477,-3.64410075666424
2.478,-3.63897994085198
2.479,-3.63389255333545
2.48,-3.62883833154829
2.481,-3.62381701425988
2.482,-3.61882834157058
2.483,-3.61387205490691
2.484,-3.60894789701699
2.485,-3.60405561196568
2.486,-3.59919494512988
2.487,-3.59436564319392
2.488,-3.58956745414473
2.489,-3.58480012726725
2.49,-3.58006341313954
2.491,-3.5753570636283
2.492,-3.57068083188402
2.493,-3.5660344723363
2.494,-3.56141774068915
2.495,-3.55683039391633
2.496,-3.55227219025653
2.497,-3.54774288920878
2.498,-3.54324225152771
2.499,-3.53877003921876
2.5,-3.53432601553351
2.501,-3.52990994496505
2.502,-3.52552159324312
2.503,-3.52116072732944
2.504,-3.51682711541309
2.505,-3.5125205269056
2.506,-3.50824073243637
2.507,-3.50398750384786
2.508,-3.49976061419093
2.509,-3.49555983772005
2.51,-3.49138494988855
2.511,-3.487235727344
2.512,-3.48311194792335
2.513,-3.47901339064827
2.514,-3.47493983572041
2.515,-3.47089106451666
2.516,-3.46686685958439
2.517,-3.46286700463675
2.518,-3.45889128454799
2.519,-3.45493948534867
2.52,-3.45101139422095
2.521,-3.44710679949388
2.522,-3.44322549063875
2.523,-3.43936725826425
2.524,-3.43553189411191
2.525,-3.43171919105132
2.526,-3.42792894307545
2.527,-3.42416094529604
2.528,-3.42041499393881
2.529,-3.41669088633892
2.53,-3.41298842093621
2.531,-3.40930739727069
2.532,-3.4056476159777
2.533,-3.40200887878353
2.534,-3.39839098850069
2.535,-3.39479374902327
2.536,-3.39121696532251
2.537,-3.38766044344208
2.538,-3.38412399049364
2.539,-3.38060741465231
2.54,-3.37711052515205
2.541,-3.37363313228133
2.542,-3.37017504737854
2.543,-3.36673608282754
2.544,-3.36331605205329
2.545,-3.35991476951746
2.546,-3.35653205071388
2.547,-3.35316771216441
2.548,-3.34982157141446
2.549,-3.34649344702868
2.55,-3.34318315858676
2.551,-3.33989052667908
2.552,-3.33661537290254
2.553,-3.33335751985634
2.554,-3.33011679113791
2.555,-3.32689301133856
2.556,-3.32368600603963
2.557,-3.32049560180823
2.558,-3.31732162619329
2.559,-3.31416390772162
2.56,-3.31102227589378
2.561,-3.30789656118034
2.562,-3.30478659501787
2.563,-3.30169220980516
2.564,-3.29861323889938
2.565,-3.29554951661235
2.566,-3.29250087820676
2.567,-3.28946715989252
2.568,-3.28644819882323
2.569,-3.28344383309235
2.57,-3.2804539017299
2.571,-3.27747824469883
2.572,-3.27451670289166
2.573,-3.27156911812691
2.574,-3.26863533314598
2.575,-3.26571519160967
2.576,-3.26280853809504
2.577,-3.2599152180922
2.578,-3.25703507800107
2.579,-3.25416796512844
2.58,-3.25131372768489
2.581,-3.24847221478175
2.582,-3.24564327642823
2.583,-3.24282676352863
2.584,-3.24002252787948
2.585,-3.23723042216669
2.586,-3.23445029996313
2.587,-3.23168201572576
2.588,-3.22892542479331
2.589,-3.22618038338356
2.59,-3.22344674859106
2.591,-3.22072437838477
2.592,-3.21801313160574
2.593,-3.21531286796485
2.594,-3.21262344804072
2.595,-3.20994473327758
2.596,-3.20727658598327
2.597,-3.20461886932731
2.598,-3.20197144733893
2.599,-3.19933418490544
2.6,-3.19670694777033
2.601,-3.19408960253175
2.602,-3.1914820166408
2.603,-3.18888405840012
2.604,-3.18629559696243
2.605,-3.18371650232919
2.606,-3.18114664534929
2.607,-3.17858589771792
2.608,-3.17603413197534
2.609,-3.17349122150602
2.61,-3.1709570405375
2.611,-3.16843146413958
2.612,-3.16591436822362
2.613,-3.16340562954173
2.614,-3.16090512568611
2.615,-3.15841273508864
2.616,-3.15592833702033
2.617,-3.15345181159097
2.618,-3.15098303974885
2.619,-3.14852190328055
2.62,-3.14606828481084
2.621,-3.14362206780265
2.622,-3.14118313655714
2.623,-3.13875137621388
2.624,-3.13632667275105
2.625,-3.13390891298577
2.626,-3.13149798457463
2.627,-3.12909377601404
2.628,-3.126696176641
2.629,-3.12430507663366
2.63,-3.12192036701225
2.631,-3.11954193963986
2.632,-3.11716968722347
2.633,-3.11480350331505
2.634,-3.11244328231261
2.635,-3.11008891946164
2.636,-3.10774031085635
2.637,-3.10539735344114
2.638,-3.10305994501217
2.639,-3.10072798421904
2.64,-3.09840137056643
2.641,-3.09608000441607
2.642,-3.09376378698859
2.643,-3.09145262036561
2.644,-3.0891464074918
2.645,-3.08684505217722
2.646,-3.0845484590995
2.647,-3.08225653380643
2.648,-3.07996918271839
2.649,-3.07768631313098
2.65,-3.07540783321774
2.651,-3.07313365203304
2.652,-3.07086367951489
2.653,-3.06859782648804
2.654,-3.06633600466705
2.655,-3.06407812665956
2.656,-3.06182410596953
2.657,-3.05957385700075
2.658,-3.05732729506026
2.659,-3.05508433636193
2.66,-3.05284489803035
2.661,-3.05060889810443
2.662,-3.04837625554138
2.663,-3.04614689022081
2.664,-3.04392072294865
2.665,-3.04169767546146
2.666,-3.03947767043065
2.667,-3.03726063146697
2.668,-3.03504648312493
2.669,-3.03283515090731
2.67,-3.03062656126994
2.671,-3.02842064162643
2.672,-3.02621732035302
2.673,-3.02401652679357
2.674,-3.02181819126451
2.675,-3.01962224506009
2.676,-3.0174286204576
2.677,-3.01523725072259
2.678,-3.01304807011438
2.679,-3.01086101389154
2.68,-3.00867601831742
2.681,-3.00649302066589
2.682,-3.00431195922708
2.683,-3.00213277331323
2.684,-2.99995540326459
2.685,-2.99777979045542
2.686,-2.99560587730025
2.687,-2.99343360725979
2.688,-2.99126292484743
2.689,-2.98909377563536
2.69,-2.9869261062612
2.691,-2.98475986443432
2.692,-2.9825949989425
2.693,-2.98043145965855
2.694,-2.97826919754689
2.695,-2.97610816467056
2.696,-2.97394831419792
2.697,-2.97178960040957
2.698,-2.96963197870534
2.699,-2.96747540561138
2.7,-2.96531983878722
2.701,-2.96316523703294
2.702,-2.9610115602964
2.703,-2.95885876968057
2.704,-2.95670682745068
2.705,-2.95455569704195
2.706,-2.95240534306665
2.707,-2.95025573132181
2.708,-2.94810682879671
2.709,-2.94595860368043
2.71,-2.94381102536949
2.711,-2.94166406447548
2.712,-2.93951769283276
2.713,-2.93737188350617
2.714,-2.93522661079884
2.715,-2.93308185025991
2.716,-2.93093757869236
2.717,-2.92879377416087
2.718,-2.92665041599966
2.719,-2.92450748482035
2.72,-2.92236496251982
2.721,-2.92022283228815
2.722,-2.91808107861663
2.723,-2.91593968730532
2.724,-2.91379864547146
2.725,-2.91165794155694
2.726,-2.90951756533645
2.727,-2.90737750792533
2.728,-2.90523776178746
2.729,-2.90309832074312
2.73,-2.90095917997682
2.731,-2.89882033604517
2.732,-2.89668178688477
2.733,-2.89454353181977
2.734,-2.89240557156985
2.735,-2.89026790825779
2.736,-2.88813054541716
2.737,-2.88599348799998
2.738,-2.88385674238426
2.739,-2.88172031638158
2.74,-2.8795842192444
2.741,-2.87744846167367
2.742,-2.87531305582602
2.743,-2.87317801532105
2.744,-2.87104335524853
2.745,-2.86890909217554
2.746,-2.86677524415343
2.747,-2.86464183072486
2.748,-2.8625088729305
2.749,-2.86037639331591
2.75,-2.85824441593807
2.751,-2.85611296637203
2.752,-2.85398207171725
2.753,-2.85185176060391
2.754,-2.84972206319917
2.755,-2.84759301121304
2.756,-2.84546463790458
2.757,-2.84333697808745
2.758,-2.84121006813559
2.759,-2.83908394598881
2.76,-2.83695865115806
2.761,-2.83483422473064
2.762,-2.83271070937514
2.763,-2.83058814934639
2.764,-2.82846659049007
2.765,-2.82634608024719
2.766,-2.82422666765845
2.767,-2.82210840336827
2.768,-2.81999133962882
2.769,-2.81787553030359
2.77,-2.81576103087099
2.771,-2.81364789842762
2.772,-2.81153619169135
2.773,-2.80942597100412
2.774,-2.80731729833461
2.775,-2.80521023728055
2.776,-2.80310485307088
2.777,-2.80100121256773
2.778,-2.79889938426785
2.779,-2.79679943830419
2.78,-2.79470144644686
2.781,-2.79260548210402
2.782,-2.79051162032248
2.783,-2.78841993778786
2.784,-2.78633051282468
2.785,-2.78424342539601
2.786,-2.78215875710291
2.787,-2.78007659118343
2.788,-2.77799701251148
2.789,-2.77592010759519
2.79,-2.77384596457516
2.791,-2.77177467322224
2.792,-2.76970632493492
2.793,-2.76764101273659
2.794,-2.76557883127227
2.795,-2.76351987680509
2.796,-2.76146424721236
2.797,-2.75941204198134
2.798,-2.75736336220456
2.799,-2.75531831057487
2.8,-2.75327699138003
2.801,-2.75123951049701
2.802,-2.74920597538583
2.803,-2.74717649508298
2.804,-2.74515118019458
2.805,-2.74313014288904
2.806,-2.7411134968894
2.807,-2.73910135746504
2.808,-2.73709384142333
2.809,-2.73509106710058
2.81,-2.73309315435275
2.811,-2.73110022454555
2.812,-2.72911240054432
2.813,-2.72712980670337
2.814,-2.72515256885485
2.815,-2.72318081429728
2.816,-2.7212146717836
2.817,-2.71925427150875
2.818,-2.71729974509687
2.819,-2.71535122558791
2.82,-2.71340884742402
2.821,-2.7114727464353
2.822,-2.70954305982505
2.823,-2.70761992615487
2.824,-2.70570348532896
2.825,-2.7037938785781
2.826,-2.70189124844317
2.827,-2.69999573875824
2.828,-2.69810749463313
2.829,-2.69622666243555
2.83,-2.69435338977264
2.831,-2.69248782547241
2.832,-2.69063011956418
2.833,-2.68878042325902
2.834,-2.68693888892948
2.835,-2.6851056700889
2.836,-2.68328092137034
2.837,-2.68146479850488
2.838,-2.67965745829967
2.839,-2.6778590586152
2.84,-2.67606975834265
2.841,-2.67428971738009
2.842,-2.67251909660879
2.843,-2.67075805786883
2.844,-2.66900676393429
2.845,-2.66726537848794
2.846,-2.66553406609565
2.847,-2.66381299218021
2.848,-2.66210232299469
2.849,-2.66040222559558
2.85,-2.65871286781519
2.851,-2.65703441823395
2.852,-2.655367046152
2.853,-2.65371092156058
2.854,-2.6520662151129
2.855,-2.65043309809463
2.856,-2.64881174239399
2.857,-2.64720232047152
2.858,-2.64560500532925
2.859,-2.64401997047983
2.86,-2.64244738991497
2.861,-2.64088743807367
2.862,-2.63934028981011
2.863,-2.63780612036107
2.864,-2.63628510531322
2.865,-2.63477742056976
2.866,-2.63328324231709
2.867,-2.63180274699086
2.868,-2.630336111242
2.869,-2.62888351190214
2.87,-2.62744512594901
2.871,-2.62602113047142
2.872,-2.62461170263398
2.873,-2.62321701964164
2.874,-2.62183725870395
2.875,-2.62047259699892
2.876,-2.61912321163704
2.877,-2.61778927962463
2.878,-2.61647097782733
2.879,-2.61516848293325
2.88,-2.61388197141592
2.881,-2.61261161949719
2.882,-2.61135760310988
2.883,-2.61012009786029
2.884,-2.60889927899058
2.885,-2.60769532134121
2.886,-2.60650839931289
2.887,-2.60533868682889
2.888,-2.60418635729696
2.889,-2.60305158357128
2.89,-2.60193453791437
2.891,-2.60083539195903
2.892,-2.59975431667007
2.893,-2.59869148230631
2.894,-2.59764705838226
2.895,-2.59662121363009
2.896,-2.59561411596159
2.897,-2.59462593242997
2.898,-2.59365682919201
2.899,-2.59270697147012
2.9,-2.59177652351459
2.901,-2.59086564856573
2.902,-2.58997450881652
2.903,-2.58910326537504
2.904,-2.5882520782272
2.905,-2.58742110619966
2.906,-2.58661050692295
2.907,-2.58582043679464
2.908,-2.5850510509429
2.909,-2.58430250319018
2.91,-2.58357494601718
2.911,-2.58286853052707
2.912,-2.58218340641003
2.913,-2.58151972190789
2.914,-2.5808776237793
2.915,-2.58025725726519
2.916,-2.57965876605432
2.917,-2.57908229224953
2.918,-2.57852797633411
2.919,-2.57799595713852
2.92,-2.5774863718077
2.921,-2.57699935576866
2.922,-2.57653504269834
2.923,-2.57609356449229
2.924,-2.57567505123337
2.925,-2.57527963116116
2.926,-2.57490743064173
2.927,-2.57455857413796
2.928,-2.57423318418032
2.929,-2.57393138133815
2.93,-2.57365328419147
2.931,-2.57339900930331
2.932,-2.57316867119262
2.933,-2.57296238230758
2.934,-2.57278025299985
2.935,-2.57262239149884
2.936,-2.57248890388704
2.937,-2.5723798940758
2.938,-2.57229546378163
2.939,-2.57223571250305
2.94,-2.5722007374985
2.941,-2.57219063376425
2.942,-2.57220549401345
2.943,-2.57224540865566
2.944,-2.57231046577698
2.945,-2.57240075112095
2.946,-2.57251634806998
2.947,-2.57265733762774
2.948,-2.5728237984018
2.949,-2.57301580658755
2.95,-2.57323343595216
2.951,-2.57347675781986
2.952,-2.57374584105744
2.953,-2.57404075206078
2.954,-2.57436155474199
2.955,-2.57470831051722
2.956,-2.57508107829537
2.957,-2.57547991446728
2.958,-2.57590487289591
2.959,-2.57635600490706
2.96,-2.576833359281
2.961,-2.57733698224463
2.962,-2.57786691746465
2.963,-2.57842320604115
2.964,-2.57900588650226
2.965,-2.57961499479939
2.966,-2.58025056430313
2.967,-2.58091262580014
2.968,-2.58160120749047
2.969,-2.58231633498588
2.97,-2.58305803130879
2.971,-2.58382631689201
2.972,-2.58462120957909
2.973,-2.58544272462554
2.974,-2.58629087470072
2.975,-2.58716566989048
2.976,-2.58806711770048
2.977,-2.5889952230602
2.978,-2.58994998832774
2.979,-2.59093141329546
2.98,-2.5919394951958
2.981,-2.59297422870847
2.982,-2.59403560596794
2.983,-2.59512361657155
2.984,-2.59623824758864
2.985,-2.59737948356998
2.986,-2.59854730655808
2.987,-2.59974169609813
2.988,-2.60096262924964
2.989,-2.60221008059833
2.99,-2.6034840222694
2.991,-2.60478442394063
2.992,-2.60611125285655
2.993,-2.60746447384328
2.994,-2.60884404932348
2.995,-2.6102499393325
2.996,-2.61168210153462
2.997,-2.61314049124011
2.998,-2.61462506142276
2.999,-2.61613576273797
3,-2.61767254354144
3.001,-2.61781166852683
3.002,-2.61795807459499
3.003,-2.61811169024013
3.004,-2.61827244440087
3.005,-2.61844026647183
3.006,-2.61861508631516
3.007,-2.61879683427206
3.008,-2.61898544117412
3.009,-2.61918083835474
3.01,-2.61938295766034
3.011,-2.61959173146161
3.012,-2.61980709266463
3.013,-2.6200289747219
3.014,-2.6202573116434
3.015,-2.62049203800738
3.016,-2.62073308897132
3.017,-2.62098040028257
3.018,-2.62123390828908
3.019,-2.62149354995001
3.02,-2.62175926284616
3.021,-2.62203098519045
3.022,-2.62230865583825
3.023,-2.62259221429762
3.024,-2.62288160073946
3.025,-2.62317675600763
3.026,-2.62347762162887
3.027,-2.62378413982275
3.028,-2.62409625351144
3.029,-2.62441390632941
3.03,-2.62473704263307
3.031,-2.62506560751028
3.032,-2.62539954678976
3.033,-2.62573880705043
3.034,-2.62608333563064
3.035,-2.62643308063727
3.036,-2.6267879909548
3.037,-2.62714801625421
3.038,-2.62751310700182
3.039,-2.62788321446803
3.04,-2.6282582907359
3.041,-2.62863828870974
3.042,-2.62902316212344
3.043,-2.62941286554886
3.044,-2.62980735440399
3.045,-2.63020658496108
3.046,-2.63061051435461
3.047,-2.63101910058918
3.048,-2.63143230254732
3.049,-2.63185007999712
3.05,-2.63227239359984
3.051,-2.63269920491733
3.052,-2.63313047641939
3.053,-2.63356617149101
3.054,-2.63400625443949
3.055,-2.63445069050147
3.056,-2.63489944584983
3.057,-2.63535248760048
3.058,-2.63580978381906
3.059,-2.63627130352752
3.06,-2.63673701671056
3.061,-2.637206894322
3.062,-2.63768090829102
3.063,-2.6381590315283
3.064,-2.63864123793202
3.065,-2.63912750239378
3.066,-2.63961780080441
3.067,-2.64011211005961
3.068,-2.64061040806557
3.069,-2.64111267374441
3.07,-2.64161888703956
3.071,-2.64212902892094
3.072,-2.64264308139016
3.073,-2.6431610274855
3.074,-2.64368285128681
3.075,-2.64420853792035
3.076,-2.64473807356342
3.077,-2.64527144544901
3.078,-2.64580864187021
3.079,-2.64634965218461
3.08,-2.64689446681852
3.081,-2.64744307727115
3.082,-2.64799547611861
3.083,-2.64855165701787
3.084,-2.64911161471057
3.085,-2.64967534502675
3.086,-2.65024284488843
3.087,-2.65081411231314
3.088,-2.65138914641733
3.089,-2.65196794741965
3.09,-2.65255051664413
3.091,-2.6531368565233
3.092,-2.65372697060118
3.093,-2.65432086353614
3.094,-2.6549185411037
3.095,-2.65552001019923
3.096,-2.6561252788405
3.097,-2.65673435617022
3.098,-2.65734725245839
3.099,-2.65796397910461
3.1,-2.65858454864027
3.101,-2.65920897473067
3.102,-2.65983727217701
3.103,-2.6604694569183
3.104,-2.6611055460332
3.105,-2.66174555774175
3.106,-2.66238951140698
3.107,-2.66303742753649
3.108,-2.66368932778391
3.109,-2.66434523495024
3.11,-2.66500517298518
3.111,-2.66566916698829
3.112,-2.66633724321013
3.113,-2.66700942905329
3.114,-2.66768575307331
3.115,-2.66836624497959
3.116,-2.66905093563613
3.117,-2.66973985706229
3.118,-2.67043304243337
3.119,-2.67113052608119
3.12,-2.67183234349454
3.121,-2.67253853131961
3.122,-2.67324912736032
3.123,-2.67396417057851
3.124,-2.67468370109421
3.125,-2.6754077601857
3.126,-2.67613639028959
3.127,-2.67686963500075
3.128,-2.67760753907226
3.129,-2.67835014841523
3.13,-2.67909751009863
3.131,-2.67984967234895
3.132,-2.68060668454988
3.133,-2.68136859724194
3.134,-2.68213546212197
3.135,-2.68290733204266
3.136,-2.68368426101195
3.137,-2.68446630419242
3.138,-2.68525351790059
3.139,-2.68604595960621
3.14,-2.68684368793147
3.141,-2.68764676265018
3.142,-2.68845524468688
3.143,-2.68926919611591
3.144,-2.69008868016048
3.145,-2.69091376119162
3.146,-2.69174450472713
3.147,-2.69258097743051
3.148,-2.69342324710982
3.149,-2.6942713827165
3.15,-2.69512545434417
3.151,-2.69598553322739
3.152,-2.6968516917404
3.153,-2.69772400339579
3.154,-2.69860254284318
3.155,-2.69948738586786
3.156,-2.70037860938941
3.157,-2.70127629146023
3.158,-2.70218051126418
3.159,-2.70309134911506
3.16,-2.70400888645512
3.161,-2.7049332058536
3.162,-2.70586439100518
3.163,-2.70680252672843
3.164,-2.70774769896429
3.165,-2.70869999477447
3.166,-2.70965950233987
3.167,-2.71062631095901
3.168,-2.71160051104642
3.169,-2.71258219413103
3.17,-2.71357145285454
3.171,-2.71456838096983
3.172,-2.71557307333932
3.173,-2.71658562593334
3.174,-2.71760613582852
3.175,-2.71863470120616
3.176,-2.7196714213506
3.177,-2.72071639664762
3.178,-2.72176972858283
3.179,-2.72283151974004
3.18,-2.72390187379968
3.181,-2.72498089553725
3.182,-2.72606869082169
3.183,-2.72716536661384
3.184,-2.72827103096493
3.185,-2.72938579301501
3.186,-2.73050976299144
3.187,-2.73164305220743
3.188,-2.73278577306055
3.189,-2.73393803903126
3.19,-2.73509996468152
3.191,-2.73627166565339
3.192,-2.7374532586676
3.193,-2.7386448615223
3.194,-2.73984659309165
3.195,-2.74105857332457
3.196,-2.74228092324353
3.197,-2.74351376494324
3.198,-2.74475722158957
3.199,-2.74601141741831
3.2,-2.74727647773411
3.201,-2.74855252890939
3.202,-2.74983969838334
3.203,-2.7511381146609
3.204,-2.75244790731181
3.205,-2.75376920696977
3.206,-2.75510214533151
3.207,-2.75644685515604
3.208,-2.75780347026388
3.209,-2.75917212553633
3.21,-2.76055295691488
3.211,-2.76194610140053
3.212,-2.76335169705332
3.213,-2.76476988299178
3.214,-2.76620079939252
3.215,-2.7676445874899
3.216,-2.76910138957564
3.217,-2.77057134899862
3.218,-2.77205461016467
3.219,-2.77355131853646
3.22,-2.77506162063343
3.221,-2.77658566403178
3.222,-2.77812359736457
3.223,-2.77967557032185
3.224,-2.78124173365086
3.225,-2.78282223915635
3.226,-2.78441723970089
3.227,-2.78602688920533
3.228,-2.7876513426493
3.229,-2.78929075607178
3.23,-2.79094528657179
3.231,-2.79261509230906
3.232,-2.79430033250493
3.233,-2.7960011674432
3.234,-2.79771775847111
3.235,-2.79945026800044
3.236,-2.8011988595086
3.237,-2.80296369753991
3.238,-2.8047449477069
3.239,-2.80654277669174
3.24,-2.8083573522477
3.241,-2.81018884320078
3.242,-2.81203741945134
3.243,-2.81390325197592
3.244,-2.81578651282906
3.245,-2.81768737514531
3.246,-2.8196060131412
3.247,-2.8215426021175
3.248,-2.82349731846136
3.249,-2.82547033964874
3.25,-2.82746184424678
3.251,-2.82947201191641
3.252,-2.83150102341497
3.253,-2.83354906059895
3.254,-2.83561630642684
3.255,-2.83770294496212
3.256,-2.83980916137629
3.257,-2.84193514195204
3.258,-2.84408107408654
3.259,-2.8462471462948
3.26,-2.84843354821319
3.261,-2.85064047060302
3.262,-2.85286810535427
3.263,-2.85511664548939
3.264,-2.85738628516726
3.265,-2.8596772196872
3.266,-2.86198964549318
3.267,-2.86432376017809
3.268,-2.86667976248809
3.269,-2.86905785232718
3.27,-2.87145823076177
3.271,-2.87388110002547
3.272,-2.87632666352392
3.273,-2.87879512583981
3.274,-2.88128669273794
3.275,-2.88380157117047
3.276,-2.88633996928227
3.277,-2.88890209641637
3.278,-2.89148816311956
3.279,-2.89409838114812
3.28,-2.89673296347361
3.281,-2.8993921242889
3.282,-2.90207607901421
3.283,-2.90478504430337
3.284,-2.90751923805011
3.285,-2.91027887939456
3.286,-2.91306418872986
3.287,-2.91587538770886
3.288,-2.91871269925101
3.289,-2.92157634754931
3.29,-2.92446655807746
3.291,-2.92738355759709
3.292,-2.93032757416513
3.293,-2.93329883714136
3.294,-2.936297577196
3.295,-2.93932402631751
3.296,-2.94237841782056
3.297,-2.94546098635396
3.298,-2.94857196790893
3.299,-2.95171159982737
3.3,-2.95488012081034
3.301,-2.9580777709266
3.302,-2.96130479162137
3.303,-2.96456142572516
3.304,-2.9678479174628
3.305,-2.97116451246253
3.306,-2.97451145776527
3.307,-2.97788900183408
3.308,-2.98129739456363
3.309,-2.98473688728993
3.31,-2.98820773280015
3.311,-2.99171018534257
3.312,-2.99524450063663
3.313,-2.9988109358833
3.314,-3.00240974977532
3.315,-3.00604120250781
3.316,-3.00970555578887
3.317,-3.01340307285043
3.318,-3.01713401845916
3.319,-3.02089865892757
3.32,-3.02469726212521
3.321,-3.02853009749005
3.322,-3.03239743604
3.323,-3.03629955038451
3.324,-3.04023671473643
3.325,-3.04420920492385
3.326,-3.04821729840227
3.327,-3.05226127426672
3.328,-3.05634141326419
3.329,-3.06045799780609
3.33,-3.06461131198089
3.331,-3.06880164156693
3.332,-3.0730292740453
3.333,-3.07729449861294
3.334,-3.08159760619584
3.335,-3.08593888946238
3.336,-3.09031864283682
3.337,-3.09473716251296
3.338,-3.09919474646789
3.339,-3.10369169447591
3.34,-3.1082283081226
3.341,-3.11280489081901
3.342,-3.11742174781598
3.343,-3.12207918621868
3.344,-3.1267775150012
3.345,-3.13151704502129
3.346,-3.13629808903529
3.347,-3.1411209617132
3.348,-3.14598597965383
3.349,-3.15089346140011
3.35,-3.15584372745461
3.351,-3.16083710029511
3.352,-3.16587390439036
3.353,-3.17095446621593
3.354,-3.17607911427028
3.355,-3.18124817909089
3.356,-3.18646199327054
3.357,-3.1917208914738
3.358,-3.19702521045356
3.359,-3.20237528906775
3.36,-3.2077714682962
3.361,-3.21321409125761
3.362,-3.21870350322666
3.363,-3.22424005165128
3.364,-3.22982408617002
3.365,-3.2354559586296
3.366,-3.24113602310257
3.367,-3.24686463590502
3.368,-3.25264215561463
3.369,-3.25846894308864
3.37,-3.26434536148203
3.371,-3.27027177626589
3.372,-3.27624855524586
3.373,-3.28227606858066
3.374,-3.28835468880087
3.375,-3.29448479082769
3.376,-3.30066675199199
3.377,-3.30690095205334
3.378,-3.31318777321928
3.379,-3.31952760016461
3.38,-3.32592082005092
3.381,-3.33236782254615
3.382,-3.33886899984437
3.383,-3.34542474668553
3.384,-3.35203546037554
3.385,-3.3587015408063
3.386,-3.36542339047589
3.387,-3.37220141450898
3.388,-3.37903602067725
3.389,-3.38592761941995
3.39,-3.39287662386459
3.391,-3.39988344984781
3.392,-3.40694851593622
3.393,-3.41407224344753
3.394,-3.42125505647164
3.395,-3.42849738189198
3.396,-3.4357996494068
3.397,-3.44316229155083
3.398,-3.45058574371672
3.399,-3.45807044417688
3.4,-3.46561683410526
3.401,-3.47322535759932
3.402,-3.48089646170205
3.403,-3.48863059642422
3.404,-3.49642821476649
3.405,-3.50428977274195
3.406,-3.51221572939846
3.407,-3.52020654684136
3.408,-3.52826269025599
3.409,-3.53638462793068
3.41,-3.54457283127948
3.411,-3.55282777486517
3.412,-3.56114993642244
3.413,-3.56953979688099
3.414,-3.57799784038882
3.415,-3.58652455433566
3.416,-3.59512042937637
3.417,-3.60378595945462
3.418,-3.61252164182643
3.419,-3.62132797708402
3.42,-3.63020546917963
3.421,-3.63915462544946
3.422,-3.64817595663767
3.423,-3.65726997692058
3.424,-3.66643720393078
3.425,-3.67567815878151
3.426,-3.684993366091
3.427,-3.69438335400696
3.428,-3.70384865423109
3.429,-3.71338980204377
3.43,-3.7230073363288
3.431,-3.73270179959806
3.432,-3.74247373801664
3.433,-3.75232370142756
3.434,-3.76225224337697
3.435,-3.77225992113922
3.436,-3.78234729574209
3.437,-3.79251493199205
3.438,-3.80276339849961
3.439,-3.81309326770482
3.44,-3.82350511590269
3.441,-3.83399952326887
3.442,-3.84457707388527
3.443,-3.85523835576577
3.444,-3.86598396088208
3.445,-3.87681448518963
3.446,-3.88773052865349
3.447,-3.89873269527441
3.448,-3.90982159311497
3.449,-3.92099783432567
3.45,-3.93226203517127
3.451,-3.94361481605705
3.452,-3.95505680155522
3.453,-3.96658862043136
3.454,-3.97821090567104
3.455,-3.98992429450627
3.456,-4.00172942844231
3.457,-4.01362695328438
3.458,-4.02561751916445
3.459,-4.03770178056812
3.46,-4.04988039636167
3.461,-4.062154029819
3.462,-4.07452334864874
3.463,-4.0869890250215
3.464,-4.09955173559711
3.465,-4.11221216155184
3.466,-4.12497098860593
3.467,-4.13782890705102
3.468,-4.1507866117777
3.469,-4.16384480230315
3.47,-4.17700418279881
3.471,-4.19026546211828
3.472,-4.20362935382505
3.473,-4.21709657622055
3.474,-4.23066785237218
3.475,-4.24434391014136
3.476,-4.25812548221183
3.477,-4.27201330611785
3.478,-4.28600812427272
3.479,-4.30011068399711
3.48,-4.31432173754773
3.481,-4.32864204214594
3.482,-4.34307236000661
3.483,-4.35761345836683
3.484,-4.37226610951504
3.485,-4.38703109081999
3.486,-4.40190918476005
3.487,-4.41690117895233
3.488,-4.43200786618224
3.489,-4.447230044433
3.49,-4.46256851691519
3.491,-4.47802409209663
3.492,-4.49359758373221
3.493,-4.50928981089401
3.494,-4.52510159800133
3.495,-4.54103377485117
3.496,-4.5570871766485
3.497,-4.57326264403701
3.498,-4.58956102312975
3.499,-4.60598316554016
3.5,-4.62252992841296
3.501,-4.6392021744556
3.502,-4.65600077196949
3.503,-4.67292659488172
3.504,-4.68998052277668
3.505,-4.70716344092819
3.506,-4.72447624033151
3.507,-4.74191981773578
3.508,-4.75949507567646
3.509,-4.77720292250834
3.51,-4.79504427243823
3.511,-4.81302004555837
3.512,-4.83113116787981
3.513,-4.84937857136611
3.514,-4.86776319396731
3.515,-4.88628597965409
3.516,-4.90494787845213
3.517,-4.92374984647697
3.518,-4.94269284596902
3.519,-4.96177784532869
3.52,-4.98100581915209
3.521,-5.00037774826691
3.522,-5.01989461976857
3.523,-5.0395574270567
3.524,-5.0593671698721
3.525,-5.07932485433387
3.526,-5.09943149297682
3.527,-5.11968810478956
3.528,-5.14009571525265
3.529,-5.16065535637718
3.53,-5.18136806674391
3.531,-5.20223489154255
3.532,-5.22325688261166
3.533,-5.24443509847895
3.534,-5.26577060440183
3.535,-5.28726447240853
3.536,-5.30891778133972
3.537,-5.33073161689049
3.538,-5.35270707165285
3.539,-5.37484524515867
3.54,-5.39714724392308
3.541,-5.41961418148863
3.542,-5.44224717846954
3.543,-5.46504736259688
3.544,-5.48801586876395
3.545,-5.51115383907256
3.546,-5.53446242287949
3.547,-5.55794277684382
3.548,-5.58159606497468
3.549,-5.60542345867966
3.55,-5.62942613681383
3.551,-5.65360528572926
3.552,-5.67796209932528
3.553,-5.70249777909945
3.554,-5.72721353419888
3.555,-5.75211058147251
3.556,-5.77719014552389
3.557,-5.80245345876469
3.558,-5.82790176146879
3.559,-5.85353630182726
3.56,-5.87935833600387
3.561,-5.90536912819124
3.562,-5.93156995066793
3.563,-5.9579620838561
3.564,-5.98454681637993
3.565,-6.01132544512461
3.566,-6.03829927529637
3.567,-6.06546962048309
3.568,-6.09283780271544
3.569,-6.12040515252909
3.57,-6.14817300902758
3.571,-6.17614271994562
3.572,-6.20431564171367
3.573,-6.23269313952281
3.574,-6.26127658739038
3.575,-6.29006736822669
3.576,-6.31906687390199
3.577,-6.34827650531449
3.578,-6.37769767245886
3.579,-6.40733179449558
3.58,-6.4371802998208
3.581,-6.46724462613696
3.582,-6.49752622052412
3.583,-6.52802653951159
3.584,-6.5587470491505
3.585,-6.58968922508678
3.586,-6.62085455263466
3.587,-6.65224452685064
3.588,-6.68386065260808
3.589,-6.71570444467212
3.59,-6.74777742777476
3.591,-6.78008113669084
3.592,-6.81261711631366
3.593,-6.84538692173133
3.594,-6.87839211830305
3.595,-6.91163428173555
3.596,-6.94511499815949
3.597,-6.97883586420607
3.598,-7.01279848708336
3.599,-7.04700448465232
3.6,-7.08145548550274
3.601,-7.11615312902867
3.602,-7.15109906550357
3.603,-7.18629495615439
3.604,-7.22174247323549
3.605,-7.25744330010132
3.606,-7.29339913127817
3.607,-7.329611672535
3.608,-7.36608264095255
3.609,-7.4028137649916
3.61,-7.43980678455894
3.611,-7.47706345107202
3.612,-7.51458552752115
3.613,-7.55237478852989
3.614,-7.59043302041277
3.615,-7.62876202123013
3.616,-7.6673636008402
3.617,-7.70623958094808
3.618,-7.74539179515093
3.619,-7.78482208897931
3.62,-7.82453231993477
3.621,-7.86452435752254
3.622,-7.90480008327945
3.623,-7.94536139079687
3.624,-7.98621018573761
3.625,-8.02734838584723
3.626,-8.06877792095823
3.627,-8.11050073298789
3.628,-8.15251877592798
3.629,-8.1948340158269
3.63,-8.23744843076294
3.631,-8.28036401080828
3.632,-8.32358275798341
3.633,-8.3671066862006
3.634,-8.41093782119639
3.635,-8.45507820045221
3.636,-8.49952987310185
3.637,-8.54429489982549
3.638,-8.58937535272921
3.639,-8.63477331520902
3.64,-8.68049088179861
3.641,-8.72653015799916
3.642,-8.77289326009113
3.643,-8.81958231492587
3.644,-8.86659945969654
3.645,-8.91394684168638
3.646,-8.96162661799389
3.647,-9.0096409552324
3.648,-9.05799202920316
3.649,-9.1066820245405
3.65,-9.15571313432659
3.651,-9.20508755967496
3.652,-9.25480750927992
3.653,-9.30487519893077
3.654,-9.35529285098826
3.655,-9.40606269382087
3.656,-9.45718696119891
3.657,-9.50866789164425
3.658,-9.56050772773192
3.659,-9.61270871534266
3.66,-9.66527310286114
3.661,-9.71820314031949
3.662,-9.77150107848053
3.663,-9.82516916785888
3.664,-9.87920965767529
3.665,-9.93362479474142
3.666,-9.98841682227023
3.667,-10.0435879786082
3.668,-10.0991404958848
3.669,-10.1550765985746
3.67,-10.211398501967
3.671,-10.2681084105388
3.672,-10.3252085162231
3.673,-10.3827009965703
3.674,-10.4405880127934
3.675,-10.498871707693
3.676,-10.557554203453
3.677,-10.6166375993028
3.678,-10.6761239690359
3.679,-10.736015358378
3.68,-10.7963137821968
3.681,-10.8570212215442
3.682,-10.9181396205214
3.683,-10.9796708829584
3.684,-11.0416168688963
3.685,-11.1039793908623
3.686,-11.1667602099271
3.687,-11.2299610315312
3.688,-11.2935835010683
3.689,-11.357629199214
3.69,-11.4220996369836
3.691,-11.486996250507
3.692,-11.5523203955048
3.693,-11.6180733414483
3.694,-11.6842562653897
3.695,-11.7508702454423
3.696,-11.8179162538944
3.697,-11.8853951499369
3.698,-11.9533076719849
3.699,-12.0216544295729
3.7,-12.0904358948005
3.701,-12.1596523933081
3.702,-12.2293040947565
3.703,-12.2993910027884
3.704,-12.3699129444431
3.705,-12.4408695590004
3.706,-12.5122602862252
3.707,-12.584084353983
3.708,-12.6563407651987
3.709,-12.7290282841263
3.71,-12.8021454218986
3.711,-12.8756904213248
3.712,-12.949661240901
3.713,-13.024055538002
3.714,-13.0988706512162
3.715,-13.1741035817905
3.716,-13.249750974148
3.717,-13.3258090954412
3.718,-13.4022738141055
3.719,-13.479140577374
3.72,-13.5564043877189
3.721,-13.6340597781807
3.722,-13.712100786552
3.723,-13.7905209283786
3.724,-13.8693131687473
3.725,-13.9484698928255
3.726,-14.0279828751263
3.727,-14.1078432474715
3.728,-14.1880414656288
3.729,-14.2685672746046
3.73,-14.3494096725803
3.731,-14.4305568734802
3.732,-14.5119962681721
3.733,-14.5937143843058
3.734,-14.6756968448035
3.735,-14.757928325028
3.736,-14.8403925086631
3.737,-14.9230720423573
3.738,-15.0059484891921
3.739,-15.0890022810543
3.74,-15.1722126700106
3.741,-15.2555576787997
3.742,-15.3390140505812
3.743,-15.4225571981035
3.744,-15.5061611524789
3.745,-15.5897985117822
3.746,-15.6734403897217
3.747,-15.7570563646602
3.748,-15.8406144293042
3.749,-15.9240809414131
3.75,-16.0074205759211
3.751,-16.0905962789079
3.752,-16.1735692238947
3.753,-16.2562987709903
3.754,-16.3387424294554
3.755,-16.4208558243037
3.756,-16.5025926675998
3.757,-16.5839047351654
3.758,-16.6647418494475
3.759,-16.7450518693434
3.76,-16.8247806878189
3.761,-16.9038722381865
3.762,-16.9822685099414
3.763,-17.05990957507
3.764,-17.1367336257589
3.765,-17.2126770244303
3.766,-17.2876743670171
3.767,-17.3616585603651
3.768,-17.4345609146013
3.769,-17.5063112512515
3.77,-17.5768380278013
3.771,-17.6460684792988
3.772,-17.7139287774633
3.773,-17.7803442076259
3.774,-17.8452393636442
3.775,-17.9085383607483
3.776,-17.9701650660495
3.777,-18.0300433462067
3.778,-18.0880973314891
3.779,-18.1442516951961
3.78,-18.1984319471127
3.781,-18.2505647393862
3.782,-18.3005781829132
3.783,-18.3484021720402
3.784,-18.3939687151014
3.785,-18.4372122680624
3.786,-18.4780700683022
3.787,-18.5164824653768
3.788,-18.5523932454469
3.789,-18.5857499459498
3.79,-18.6165041570467
3.791,-18.6446118063825
3.792,-18.6700334237728
3.793,-18.6927343825687
3.794,-18.7126851146554
3.795,-18.7298612963108
3.796,-18.744244002475
3.797,-18.7558198273695
3.798,-18.7645809698303
3.799,-18.7705252821882
3.8,-18.7736562820255
3.801,-18.7739831266469
3.802,-18.7715205506156
3.803,-18.7662887672163
3.804,-18.7583133351872
3.805,-18.7476249925201
3.806,-18.7342594595419
3.807,-18.7182572138521
3.808,-18.6996632399997
3.809,-18.6785267570251
3.81,-18.6549009271782
3.811,-18.6288425492306
3.812,-18.6004117398566
3.813,-18.5696716065407
3.814,-18.5366879153981
3.815,-18.5015287571709
3.816,-18.4642642144934
3.817,-18.4249660333072
3.818,-18.3837073010657
3.819,-18.340562134104
3.82,-18.2956053762635
3.821,-18.2489123105721
3.822,-18.2005583854868
3.823,-18.1506189569119
3.824,-18.0991690469281
3.825,-18.0462831198958
3.826,-17.9920348763492
3.827,-17.9364970648592
3.828,-17.8797413118418
3.829,-17.8218379690927
3.83,-17.7628559786742
3.831,-17.7028627546312
3.832,-17.6419240809054
3.833,-17.5801040247143
3.834,-17.5174648645902
3.835,-17.4540670322207
3.836,-17.3899690671896
3.837,-17.3252275837023
3.838,-17.2598972483638
3.839,-17.194030768087
3.84,-17.1276788872222
3.841,-17.0608903930197
3.842,-16.9937121285696
3.843,-16.9261890123982
3.844,-16.858364063939
3.845,-16.7902784341436
3.846,-16.7219714405369
3.847,-16.6534806060723
3.848,-16.5848417011892
3.849,-16.5160887885188
3.85,-16.4472542697324
3.851,-16.378368934071
3.852,-16.309462008136
3.853,-16.2405612065636
3.854,-16.1716927832458
3.855,-16.1028815827916
3.856,-16.0341510919654
3.857,-15.9655234908635
3.858,-15.8970197036247
3.859,-15.828659448496
3.86,-15.7604612870994
3.861,-15.6924426727719
3.862,-15.6246199978666
3.863,-15.5570086399276
3.864,-15.4896230066632
3.865,-15.4224765796616
3.866,-15.355581956804
3.867,-15.2889508933442
3.868,-15.2225943416336
3.869,-15.1565224894794
3.87,-15.090744797135
3.871,-15.0252700329249
3.872,-14.9601063075159
3.873,-14.8952611068496
3.874,-14.8307413237581
3.875,-14.7665532882861
3.876,-14.7027027967463
3.877,-14.6391951395412
3.878,-14.5760351277805
3.879,-14.5132271187291
3.88,-14.4507750401217
3.881,-14.3886824133792
3.882,-14.3269523757633
3.883,-14.265587701507
3.884,-14.2045908219571
3.885,-14.1439638447668
3.886,-14.0837085721729
3.887,-14.0238265183958
3.888,-13.9643189261962
3.889,-13.9051867826237
3.89,-13.8464308339916
3.891,-13.7880516001106
3.892,-13.7300493878137
3.893,-13.6724243038036
3.894,-13.6151762668528
3.895,-13.558305019386
3.896,-13.5018101384727
3.897,-13.4456910462574
3.898,-13.3899470198539
3.899,-13.3345772007287
3.9,-13.2795806035976
3.901,-13.2249561248597
3.902,-13.17070255059
3.903,-13.1168185641126
3.904,-13.0633027531751
3.905,-13.0101536167436
3.906,-12.9573695714365
3.907,-12.9049489576172
3.908,-12.852890045159
3.909,-12.8011910389023
3.91,-12.7498500838178
3.911,-12.6988652698902
3.912,-12.6482346367378
3.913,-12.5979561779806
3.914,-12.5480278453701
3.915,-12.4984475526926
3.916,-12.4492131794584
3.917,-12.4003225743868
3.918,-12.3517735586989
3.919,-12.3035639292267
3.92,-12.2556914613494
3.921,-12.2081539117643
3.922,-12.160949021103
3.923,-12.1140745163992
3.924,-12.0675281134165
3.925,-12.0213075188445
3.926,-11.9754104323678
3.927,-11.929834548618
3.928,-11.8845775590117
3.929,-11.8396371534821
3.93,-11.7950110221106
3.931,-11.7506968566616
3.932,-11.706692352028
3.933,-11.6629952075906
3.934,-11.6196031284968
3.935,-11.5765138268627
3.936,-11.5337250229032
3.937,-11.4912344459933
3.938,-11.4490398356649
3.939,-11.4071389425429
3.94,-11.3655295292231
3.941,-11.3242093710959
3.942,-11.2831762571184
3.943,-11.2424279905385
3.944,-11.2019623895726
3.945,-11.1617772880403
3.946,-11.1218705359584
3.947,-11.082240000097
3.948,-11.0428835644989
3.949,-11.0037991309649
3.95,-10.9649846195082
3.951,-10.9264379687772
3.952,-10.8881571364516
3.953,-10.8501400996106
3.954,-10.8123848550774
3.955,-10.7748894197396
3.956,-10.7376518308483
3.957,-10.7006701462964
3.958,-10.6639424448781
3.959,-10.6274668265306
3.96,-10.5912414125592
3.961,-10.5552643458469
3.962,-10.51953379105
3.963,-10.48404793478
3.964,-10.4488049857741
3.965,-10.4138031750531
3.966,-10.3790407560703
3.967,-10.3445160048503
3.968,-10.3102272201187
3.969,-10.2761727234251
3.97,-10.2423508592575
3.971,-10.2087599951519
3.972,-10.175398521795
3.973,-10.1422648531227
3.974,-10.1093574264132
3.975,-10.076674702378
3.976,-10.044215165248
3.977,-10.0119773228581
3.978,-9.97995970672934
3.979,-9.94816087214959
3.98,-9.91657939825336
3.981,-9.88521388810072
3.982,-9.85406296875656
3.983,-9.82312529136997
3.984,-9.79239953125467
3.985,-9.76188438797047
3.986,-9.73157858540672
3.987,-9.70148087186758
3.988,-9.67159002015988
3.989,-9.64190482768391
3.99,-9.61242411652744
3.991,-9.58314673356329
3.992,-9.55407155055095
3.993,-9.5251974642425
3.994,-9.49652339649322
3.995,-9.46804829437731
3.996,-9.4397711303088
3.997,-9.41169090216839
3.998,-9.38380663343604
3.999,-9.35611737333031
4,-9.32862219695392
4.001,-9.30132020544671
4.002,-9.27421052614579
4.003,-9.2472923127533
4.004,-9.22056474551219
4.005,-9.19402703139029
4.006,-9.16767840427312
4.007,-9.14151812516539
4.008,-9.11554548240203
4.009,-9.08975979186858
4.01,-9.06416039723181
4.011,-9.03874667018018
4.012,-9.01351801067522
4.013,-8.98847384721371
4.014,-8.96361363710106
4.015,-8.93893686673638
4.016,-8.91444305190944
4.017,-8.89013173810996
4.018,-8.86600250084938
4.019,-8.84205494599599
4.02,-8.81828871012302
4.021,-8.79470346087075
4.022,-8.77129889732253
4.023,-8.74807475039545
4.024,-8.72503078324585
4.025,-8.70216679168969
4.026,-8.67948260463935
4.027,-8.65697808455558
4.028,-8.63465312791662
4.029,-8.6125076657036
4.03,-8.59054166390368
4.031,-8.56875512403037
4.032,-8.54714808366239
4.033,-8.52572061700078
4.034,-8.50447283544493
4.035,-8.48340488818822
4.036,-8.46251696283321
4.037,-8.44180928602719
4.038,-8.42128212411842
4.039,-8.40093578383349
4.04,-8.38077061297624
4.041,-8.36078700114856
4.042,-8.34098538049392
4.043,-8.32136622646346
4.044,-8.30193005860564
4.045,-8.28267744137946
4.046,-8.263608984992
4.047,-8.24472534626032
4.048,-8.22602722949867
4.049,-8.20751538743081
4.05,-8.1891906221281
4.051,-8.17105378597408
4.052,-8.15310578265488
4.053,-8.1353475681772
4.054,-8.11778015191273
4.055,-8.10040459767048
4.056,-8.08322202479638
4.057,-8.06623360930099
4.058,-8.04944058501504
4.059,-8.0328442447734
4.06,-8.01644594162706
4.061,-8.00024709008351
4.062,-7.98424916737545
4.063,-7.96845371475762
4.064,-7.9528623388317
4.065,-7.93747671289903
4.066,-7.92229857834077
4.067,-7.90732974602528
4.068,-7.89257209774191
4.069,-7.87802758766096
4.07,-7.86369824381865
4.071,-7.84958616962655
4.072,-7.83569354540443
4.073,-7.82202262993513
4.074,-7.80857576204031
4.075,-7.79535536217564
4.076,-7.78236393404331
4.077,-7.76960406622048
4.078,-7.75707843380099
4.079,-7.74478980004828
4.08,-7.73274101805657
4.081,-7.72093503241747
4.082,-7.70937488088873
4.083,-7.69806369606119
4.084,-7.68700470702041
4.085,-7.6762012409982
4.086,-7.66565672500926
4.087,-7.65537468746785
4.088,-7.64535875977843
4.089,-7.6356126778942
4.09,-7.62614028383669
4.091,-7.61694552716858
4.092,-7.60803246641225
4.093,-7.5994052704047
4.094,-7.59106821957964
4.095,-7.58302570716644
4.096,-7.57528224029473
4.097,-7.56784244099253
4.098,-7.56071104706538
4.099,-7.55389291284193
4.1,-7.54739300977157
4.101,-7.5412164268575
4.102,-7.5353683709082
4.103,-7.52985416658873
4.104,-7.52467925625185
4.105,-7.51984919952775
4.106,-7.51536967264959
4.107,-7.51124646749072
4.108,-7.5074854902874
4.109,-7.50409276001969
4.11,-7.50107440642104
4.111,-7.49843666758517
4.112,-7.49618588713754
4.113,-7.49432851093591
4.114,-7.49287108326287
4.115,-7.49182024247119
4.116,-7.49118271604043
4.117,-7.49096531500086
4.118,-7.49117492767906
4.119,-7.49181851271638
4.12,-7.49290309131001
4.121,-7.49443573862314
4.122,-7.49642357430937
4.123,-7.49887375209273
4.124,-7.50179344834427
4.125,-7.50518984959214
4.126,-7.5090701389011
4.127,-7.51344148105495
4.128,-7.51831100647378
4.129,-7.52368579379576
4.13,-7.52957285105268
4.131,-7.53597909536649
4.132,-7.54291133109391
4.133,-7.55037622634559
4.134,-7.55838028780661
4.135,-7.56692983378575
4.136,-7.57603096542228
4.137,-7.58568953598106
4.138,-7.59591111816987
4.139,-7.60670096941627
4.14,-7.61806399504652
4.141,-7.63000470931472
4.142,-7.64252719423766
4.143,-7.65563505619957
4.144,-7.66933138030071
4.145,-7.68361868243599
4.146,-7.69849885910258
4.147,-7.71397313495173
4.148,-7.73004200811677
4.149,-7.74670519336922
4.15,-7.7639615631771
4.151,-7.7818090867633
4.152,-7.80024476728935
4.153,-7.81926457731915
4.154,-7.83886339274933
4.155,-7.85903492542795
4.156,-7.87977165472055
4.157,-7.90106475832309
4.158,-7.92290404266363
4.159,-7.94527787328004
4.16,-7.96817310560833
4.161,-7.99157501666485
4.162,-8.0154672381573
4.163,-8.03983169160995
4.164,-8.0646485261415
4.165,-8.08989605958549
4.166,-8.11555072369418
4.167,-8.14158701421564
4.168,-8.16797744667958
4.169,-8.19469251876925
4.17,-8.22170068019355
4.171,-8.24896831100143
4.172,-8.27645970930361
4.173,-8.30413708937617
4.174,-8.33196059112102
4.175,-8.35988830184418
4.176,-8.38787629128409
4.177,-8.41587866077742
4.178,-8.44384760738616
4.179,-8.4717335037278
4.18,-8.49948499414711
4.181,-8.52704910774437
4.182,-8.55437138862888
4.183,-8.58139604359942
4.184,-8.60806610726532
4.185,-8.6343236244137
4.186,-8.66010984920237
4.187,-8.68536546051661
4.188,-8.71003079257417
4.189,-8.73404607960096
4.19,-8.75735171313395
4.191,-8.7798885102437
4.192,-8.80159799071206
4.193,-8.82242266095692
4.194,-8.8423063022729
4.195,-8.86119426075968
4.196,-8.87903373614567
4.197,-8.89577406659025
4.198,-8.91136700646669
4.199,-8.92576699409685
4.2,-8.9389314064299
4.201,-8.95082079773313
4.202,-8.96139911949516
4.203,-8.97063391892851
4.204,-8.97849651369839
4.205,-8.98496214079344
4.206,-8.99001007778588
4.207,-8.99362373509831
4.208,-8.9957907182909
4.209,-8.99650285980129
4.21,-8.99575621999639
4.211,-8.99355105782318
4.212,-8.98989177176447
4.213,-8.98478681220446
4.214,-8.97824856668051
4.215,-8.97029321983355
4.216,-8.96094059016307
4.217,-8.95021394593941
4.218,-8.9381398028205
4.219,-8.92474770586345
4.22,-8.91006999870928
4.221,-8.89414158275548
4.222,-8.87699966911652
4.223,-8.85868352611197
4.224,-8.83923422491762
4.225,-8.81869438587596
4.226,-8.79710792778982
4.227,-8.77451982232702
4.228,-8.75097585544831
4.229,-8.72652239754238
4.23,-8.70120618371614
4.231,-8.67507410545171
4.232,-8.64817301460677
4.233,-8.62054954050866
4.234,-8.59224992067565
4.235,-8.56331984549738
4.236,-8.53380431701907
4.237,-8.50374752180532
4.238,-8.47319271770879
4.239,-8.44218213423706
4.24,-8.41075688609827
4.241,-8.37895689941174
4.242,-8.34682084999286
4.243,-8.31438611306191
4.244,-8.281688723682
4.245,-8.24876334720054
4.246,-8.2156432589521
4.247,-8.1823603324731
4.248,-8.14894503548383
4.249,-8.11542643290391
4.25,-8.08183219618775
4.251,-8.04818861829042
4.252,-8.01452063360507
4.253,-7.98085184224492
4.254,-7.94720453807951
4.255,-7.91359973997203
4.256,-7.8800572257026
4.257,-7.84659556810166
4.258,-7.81323217295552
4.259,-7.77998331828456
4.26,-7.74686419463053
4.261,-7.71388894602569
4.262,-7.68107071134964
4.263,-7.64842166581177
4.264,-7.61595306232818
4.265,-7.58367527258945
4.266,-7.55159782764192
4.267,-7.5197294578303
4.268,-7.48807813197079
4.269,-7.45665109564524
4.27,-7.42545490852503
4.271,-7.39449548065036
4.272,-7.36377810760654
4.273,-7.33330750455141
4.274,-7.30308783906153
4.275,-7.27312276277454
4.276,-7.24341544181549
4.277,-7.2139685860031
4.278,-7.18478447683886
4.279,-7.15586499428878
4.28,-7.12721164237291
4.281,-7.09882557358209
4.282,-7.07070761214559
4.283,-7.04285827617624
4.284,-7.01527779872277
4.285,-6.98796614776056
4.286,-6.96092304515397
4.287,-6.9341479846247
4.288,-6.90764024876122
4.289,-6.88139892510501
4.29,-6.85542292134946
4.291,-6.82971097968746
4.292,-6.80426169034327
4.293,-6.77907350432398
4.294,-6.75414474542561
4.295,-6.72947362152736
4.296,-6.70505823520797
4.297,-6.68089659371646
4.298,-6.6569866183284
4.299,-6.6333261531192
4.3,-6.60991297318308
4.301,-6.58674479232663
4.302,-6.56381927026489
4.303,-6.5411340193454
4.304,-6.51868661082666
4.305,-6.49647458073446
4.306,-6.47449543531978
4.307,-6.45274665614055
4.308,-6.43122570478816
4.309,-6.40993002727927
4.31,-6.38885705813211
4.311,-6.36800422414561
4.312,-6.34736894789871
4.313,-6.32694865098682
4.314,-6.30674075701047
4.315,-6.28674269433194
4.316,-6.26695189861315
4.317,-6.24736581514891
4.318,-6.22798190100789
4.319,-6.20879762699305
4.32,-6.18981047943365
4.321,-6.17101796181863
4.322,-6.15241759628206
4.323,-6.13400692495021
4.324,-6.11578351115885
4.325,-6.09774494054963
4.326,-6.07988882205358
4.327,-6.06221278876882
4.328,-6.04471449874025
4.329,-6.02739163564728
4.33,-6.01024190940622
4.331,-5.99326305669339
4.332,-5.97645284139392
4.333,-5.95980905498225
4.334,-5.94332951683862
4.335,-5.92701207450635
4.336,-5.91085460389449
4.337,-5.89485500942945
4.338,-5.87901122415976
4.339,-5.86332120981747
4.34,-5.8477829568394
4.341,-5.83239448435147
4.342,-5.81715384011917
4.343,-5.80205910046662
4.344,-5.78710837016714
4.345,-5.77229978230745
4.346,-5.75763149812789
4.347,-5.74310170684085
4.348,-5.72870862542909
4.349,-5.71445049842614
4.35,-5.70032559768023
4.351,-5.68633222210345
4.352,-5.67246869740767
4.353,-5.65873337582848
4.354,-5.64512463583858
4.355,-5.6316408818518
4.356,-5.6182805439188
4.357,-5.60504207741549
4.358,-5.5919239627253
4.359,-5.57892470491599
4.36,-5.56604283341197
4.361,-5.55327690166285
4.362,-5.54062548680895
4.363,-5.52808718934442
4.364,-5.51566063277865
4.365,-5.50334446329638
4.366,-5.49113734941727
4.367,-5.47903798165509
4.368,-5.46704507217742
4.369,-5.45515735446574
4.37,-5.4433735829767
4.371,-5.43169253280476
4.372,-5.42011299934645
4.373,-5.40863379796664
4.374,-5.39725376366712
4.375,-5.3859717507574
4.376,-5.37478663252856
4.377,-5.36369730092964
4.378,-5.35270266624723
4.379,-5.34180165678837
4.38,-5.33099321856649
4.381,-5.32027631499117
4.382,-5.30964992656124
4.383,-5.29911305056164
4.384,-5.28866470076403
4.385,-5.27830390713126
4.386,-5.26802971552562
4.387,-5.2578411874212
4.388,-5.24773739962008
4.389,-5.2377174439726
4.39,-5.22778042710173
4.391,-5.21792547013135
4.392,-5.20815170841877
4.393,-5.19845829129119
4.394,-5.18884438178629
4.395,-5.17930915639694
4.396,-5.16985180481985
4.397,-5.16047152970839
4.398,-5.15116754642933
4.399,-5.14193908282362
4.4,-5.13278537897118
4.401,-5.12370568695963
4.402,-5.1146992706568
4.403,-5.10576540548735
4.404,-5.096903378213
4.405,-5.08811248671679
4.406,-5.07939203979089
4.407,-5.07074135692824
4.408,-5.06215976811791
4.409,-5.05364661364399
4.41,-5.0452012438881
4.411,-5.0368230191355
4.412,-5.02851130938461
4.413,-5.02026549416002
4.414,-5.01208496232892
4.415,-5.00396911192074
4.416,-4.99591734995034
4.417,-4.98792909224416
4.418,-4.98000376326977
4.419,-4.97214079596849
4.42,-4.96433963159114
4.421,-4.95659971953676
4.422,-4.94892051719444
4.423,-4.94130148978799
4.424,-4.93374211022365
4.425,-4.92624185894046
4.426,-4.91880022376358
4.427,-4.91141669976032
4.428,-4.90409078909887
4.429,-4.89682200090969
4.43,-4.88960985114952
4.431,-4.88245386246789
4.432,-4.8753535640763
4.433,-4.86830849161971
4.434,-4.86131818705052
4.435,-4.854382198505
4.436,-4.84750008018195
4.437,-4.84067139222372
4.438,-4.8338957005995
4.439,-4.82717257699073
4.44,-4.82050159867885
4.441,-4.81388234843498
4.442,-4.80731441441185
4.443,-4.80079739003774
4.444,-4.79433087391232
4.445,-4.78791446970467
4.446,-4.78154778605311
4.447,-4.77523043646687
4.448,-4.76896203922978
4.449,-4.76274221730575
4.45,-4.75657059824591
4.451,-4.75044681409764
4.452,-4.74437050131538
4.453,-4.73834130067291
4.454,-4.73235885717759
4.455,-4.7264228199859
4.456,-4.72053284232089
4.457,-4.71468858139101
4.458,-4.70888969831046
4.459,-4.70313585802123
4.46,-4.69742672921639
4.461,-4.69176198426502
4.462,-4.68614129913846
4.463,-4.68056435333794
4.464,-4.67503082982368
4.465,-4.66954041494527
4.466,-4.66409279837331
4.467,-4.65868767303247
4.468,-4.65332473503571
4.469,-4.6480036836198
4.47,-4.64272422108206
4.471,-4.63748605271823
4.472,-4.63228888676163
4.473,-4.62713243432336
4.474,-4.6220164093337
4.475,-4.6169405284846
4.476,-4.61190451117323
4.477,-4.60690807944665
4.478,-4.60195095794752
4.479,-4.59703287386075
4.48,-4.59215355686128
4.481,-4.58731273906283
4.482,-4.58251015496751
4.483,-4.57774554141653
4.484,-4.57301863754177
4.485,-4.56832918471825
4.486,-4.56367692651758
4.487,-4.55906160866223
4.488,-4.55448297898068
4.489,-4.54994078736346
4.49,-4.54543478571999
4.491,-4.54096472793624
4.492,-4.53653036983325
4.493,-4.53213146912639
4.494,-4.52776778538544
4.495,-4.52343907999539
4.496,-4.51914511611801
4.497,-4.51488565865425
4.498,-4.51066047420716
4.499,-4.50646933104577
4.5,-4.50231199906945
